,Query_id,Query_text,Plan_dump
0,19,"select  i_brand_id brand_id, i_brand brand, i_manufact_id, i_manufact,
 	sum(ss_ext_sales_price) ext_price
 from date_dim, store_sales, item,customer,customer_address,store
 where d_date_sk = ss_sold_date_sk
   and ss_item_sk = i_item_sk
   and i_manager_id=20
   and d_moy=11
   and d_year=2001
   and ss_customer_sk = c_customer_sk 
   and c_current_addr_sk = ca_address_sk
   and substr(ca_zip,1,5) <> substr(s_zip,1,5) 
   and ss_store_sk = s_store_sk 
 group by i_brand
      ,i_brand_id
      ,i_manufact_id
      ,i_manufact
 order by ext_price desc
         ,i_brand
         ,i_brand_id
         ,i_manufact_id
         ,i_manufact
limit 100 ;

-- end query 10 in stream 2 using template query19.tpl
","{'Node Type': 'Limit', 'Parallel Aware': False, 'Async Capable': False, 'Startup Cost': 716708.12, 'Total Cost': 716708.37, 'Plan Rows': 100, 'Plan Width': 142, 'Plans': [{'Node Type': 'Sort', 'Parent Relationship': 'Outer', 'Parallel Aware': False, 'Async Capable': False, 'Startup Cost': 716708.12, 'Total Cost': 716708.61, 'Plan Rows': 195, 'Plan Width': 142, 'Sort Key': ['(sum(store_sales.ss_ext_sales_price)) DESC', 'item.i_brand', 'item.i_brand_id', 'item.i_manufact_id', 'item.i_manufact'], 'Plans': [{'Node Type': 'Aggregate', 'Strategy': 'Sorted', 'Partial Mode': 'Simple', 'Parent Relationship': 'Outer', 'Parallel Aware': False, 'Async Capable': False, 'Startup Cost': 716090.65, 'Total Cost': 716700.7, 'Plan Rows': 195, 'Plan Width': 142, 'Group Key': ['item.i_brand', 'item.i_brand_id', 'item.i_manufact_id', 'item.i_manufact'], 'Plans': [{'Node Type': 'Nested Loop', 'Parent Relationship': 'Outer', 'Parallel Aware': False, 'Async Capable': False, 'Join Type': 'Inner', 'Startup Cost': 716090.65, 'Total Cost': 716695.83, 'Plan Rows': 195, 'Plan Width': 116, 'Inner Unique': False, 'Join Filter': '((store_sales.ss_store_sk = store.s_store_sk) AND (substr((customer_address.ca_zip)::text, 1, 5) <> substr((store.s_zip)::text, 1, 5)))', 'Plans': [{'Node Type': 'Gather Merge', 'Parent Relationship': 'Outer', 'Parallel Aware': False, 'Async Capable': False, 'Startup Cost': 716090.65, 'Total Cost': 716114.53, 'Plan Rows': 205, 'Plan Width': 131, 'Workers Planned': 2, 'Plans': [{'Node Type': 'Sort', 'Parent Relationship': 'Outer', 'Parallel Aware': False, 'Async Capable': False, 'Startup Cost': 715090.63, 'Total Cost': 715090.84, 'Plan Rows': 85, 'Plan Width': 131, 'Sort Key': ['item.i_brand', 'item.i_brand_id', 'item.i_manufact_id', 'item.i_manufact'], 'Plans': [{'Node Type': 'Hash Join', 'Parent Relationship': 'Outer', 'Parallel Aware': True, 'Async Capable': False, 'Join Type': 'Inner', 'Startup Cost': 708220.26, 'Total Cost': 715087.9, 'Plan Rows': 85, 'Plan Width': 131, 'Inner Unique': False, 'Hash Cond': '(customer_address.ca_address_sk = customer.c_current_addr_sk)', 'Plans': [{'Node Type': 'Seq Scan', 'Parent Relationship': 'Outer', 'Parallel Aware': True, 'Async Capable': False, 'Relation Name': 'customer_address', 'Alias': 'customer_address', 'Startup Cost': 0.0, 'Total Cost': 6476.67, 'Plan Rows': 104167, 'Plan Width': 15, 'parent': 6, 'ID': 7}, {'Node Type': 'Hash', 'Parent Relationship': 'Inner', 'Parallel Aware': True, 'Async Capable': False, 'Startup Cost': 708219.2, 'Total Cost': 708219.2, 'Plan Rows': 85, 'Plan Width': 124, 'Plans': [{'Node Type': 'Hash Join', 'Parent Relationship': 'Outer', 'Parallel Aware': True, 'Async Capable': False, 'Join Type': 'Inner', 'Startup Cost': 691519.26, 'Total Cost': 708219.2, 'Plan Rows': 85, 'Plan Width': 124, 'Inner Unique': False, 'Hash Cond': '(customer.c_customer_sk = store_sales.ss_customer_sk)', 'Plans': [{'Node Type': 'Seq Scan', 'Parent Relationship': 'Outer', 'Parallel Aware': True, 'Async Capable': False, 'Relation Name': 'customer', 'Alias': 'customer', 'Startup Cost': 0.0, 'Total Cost': 15918.33, 'Plan Rows': 208333, 'Plan Width': 8, 'parent': 9, 'ID': 10}, {'Node Type': 'Hash', 'Parent Relationship': 'Inner', 'Parallel Aware': True, 'Async Capable': False, 'Startup Cost': 691518.13, 'Total Cost': 691518.13, 'Plan Rows': 90, 'Plan Width': 124, 'Plans': [{'Node Type': 'Hash Join', 'Parent Relationship': 'Outer', 'Parallel Aware': True, 'Async Capable': False, 'Join Type': 'Inner', 'Startup Cost': 9555.15, 'Total Cost': 691518.13, 'Plan Rows': 90, 'Plan Width': 124, 'Inner Unique': False, 'Hash Cond': '(store_sales.ss_item_sk = item.i_item_sk)', 'Plans': [{'Node Type': 'Hash Join', 'Parent Relationship': 'Outer', 'Parallel Aware': True, 'Async Capable': False, 'Join Type': 'Inner', 'Startup Cost': 2049.78, 'Total Cost': 683994.75, 'Plan Rows': 4703, 'Plan Width': 18, 'Inner Unique': False, 'Hash Cond': '(store_sales.ss_sold_date_sk = date_dim.d_date_sk)', 'Plans': [{'Node Type': 'Seq Scan', 'Parent Relationship': 'Outer', 'Parallel Aware': True, 'Async Capable': False, 'Relation Name': 'store_sales', 'Alias': 'store_sales', 'Startup Cost': 0.0, 'Total Cost': 636914.37, 'Plan Rows': 12000637, 'Plan Width': 22, 'parent': 13, 'ID': 14}, {'Node Type': 'Hash', 'Parent Relationship': 'Inner', 'Parallel Aware': True, 'Async Capable': False, 'Startup Cost': 2049.55, 'Total Cost': 2049.55, 'Plan Rows': 18, 'Plan Width': 4, 'Plans': [{'Node Type': 'Seq Scan', 'Parent Relationship': 'Outer', 'Parallel Aware': True, 'Async Capable': False, 'Relation Name': 'date_dim', 'Alias': 'date_dim', 'Startup Cost': 0.0, 'Total Cost': 2049.55, 'Plan Rows': 18, 'Plan Width': 4, 'Filter': '((d_moy = 11) AND (d_year = 2001))', 'parent': 15, 'ID': 16}], 'parent': 13, 'ID': 15, 'left': 16}], 'parent': 12, 'ID': 13, 'left': 14, 'right': 15}, {'Node Type': 'Hash', 'Parent Relationship': 'Inner', 'Parallel Aware': True, 'Async Capable': False, 'Startup Cost': 7495.25, 'Total Cost': 7495.25, 'Plan Rows': 810, 'Plan Width': 114, 'Plans': [{'Node Type': 'Seq Scan', 'Parent Relationship': 'Outer', 'Parallel Aware': True, 'Async Capable': False, 'Relation Name': 'item', 'Alias': 'item', 'Startup Cost': 0.0, 'Total Cost': 7495.25, 'Plan Rows': 810, 'Plan Width': 114, 'Filter': '(i_manager_id = 20)', 'parent': 17, 'ID': 18}], 'parent': 12, 'ID': 17, 'left': 18}], 'parent': 11, 'ID': 12, 'left': 13, 'right': 17}], 'parent': 9, 'ID': 11, 'left': 12}], 'parent': 8, 'ID': 9, 'left': 10, 'right': 11}], 'parent': 6, 'ID': 8, 'left': 9}], 'parent': 5, 'ID': 6, 'left': 7, 'right': 8}], 'parent': 4, 'ID': 5, 'left': 6}], 'parent': 3, 'ID': 4, 'left': 5}, {'Node Type': 'Materialize', 'Parent Relationship': 'Inner', 'Parallel Aware': False, 'Async Capable': False, 'Startup Cost': 0.0, 'Total Cost': 6.53, 'Plan Rows': 102, 'Plan Width': 15, 'Plans': [{'Node Type': 'Seq Scan', 'Parent Relationship': 'Outer', 'Parallel Aware': False, 'Async Capable': False, 'Relation Name': 'store', 'Alias': 'store', 'Startup Cost': 0.0, 'Total Cost': 6.02, 'Plan Rows': 102, 'Plan Width': 15, 'parent': 19, 'ID': 20}], 'parent': 3, 'ID': 19, 'left': 20}], 'parent': 2, 'ID': 3, 'left': 4, 'right': 19}], 'parent': 1, 'ID': 2, 'left': 3}], 'parent': 0, 'ID': 1, 'left': 2}], 'parent': None, 'ID': 0, 'left': 1}"
1,58,"with ss_items as
 (select i_item_id item_id
        ,sum(ss_ext_sales_price) ss_item_rev 
 from store_sales
     ,item
     ,date_dim
 where ss_item_sk = i_item_sk
   and d_date in (select d_date
                  from date_dim
                  where d_week_seq = (select d_week_seq 
                                      from date_dim
                                      where d_date = '2001-07-05'))
   and ss_sold_date_sk   = d_date_sk
 group by i_item_id),
 cs_items as
 (select i_item_id item_id
        ,sum(cs_ext_sales_price) cs_item_rev
  from catalog_sales
      ,item
      ,date_dim
 where cs_item_sk = i_item_sk
  and  d_date in (select d_date
                  from date_dim
                  where d_week_seq = (select d_week_seq 
                                      from date_dim
                                      where d_date = '2001-07-05'))
  and  cs_sold_date_sk = d_date_sk
 group by i_item_id),
 ws_items as
 (select i_item_id item_id
        ,sum(ws_ext_sales_price) ws_item_rev
  from web_sales
      ,item
      ,date_dim
 where ws_item_sk = i_item_sk
  and  d_date in (select d_date
                  from date_dim
                  where d_week_seq =(select d_week_seq 
                                     from date_dim
                                     where d_date = '2001-07-05'))
  and ws_sold_date_sk   = d_date_sk
 group by i_item_id)
  select  ss_items.item_id
       ,ss_item_rev
       ,ss_item_rev/((ss_item_rev+cs_item_rev+ws_item_rev)/3) * 100 ss_dev
       ,cs_item_rev
       ,cs_item_rev/((ss_item_rev+cs_item_rev+ws_item_rev)/3) * 100 cs_dev
       ,ws_item_rev
       ,ws_item_rev/((ss_item_rev+cs_item_rev+ws_item_rev)/3) * 100 ws_dev
       ,(ss_item_rev+cs_item_rev+ws_item_rev)/3 average
 from ss_items,cs_items,ws_items
 where ss_items.item_id=cs_items.item_id
   and ss_items.item_id=ws_items.item_id 
   and ss_item_rev between 0.9 * cs_item_rev and 1.1 * cs_item_rev
   and ss_item_rev between 0.9 * ws_item_rev and 1.1 * ws_item_rev
   and cs_item_rev between 0.9 * ss_item_rev and 1.1 * ss_item_rev
   and cs_item_rev between 0.9 * ws_item_rev and 1.1 * ws_item_rev
   and ws_item_rev between 0.9 * ss_item_rev and 1.1 * ss_item_rev
   and ws_item_rev between 0.9 * cs_item_rev and 1.1 * cs_item_rev
 order by item_id
         ,ss_item_rev
 limit 100;

-- end query 42 in stream 4 using template query58.tpl
","{'Node Type': 'Limit', 'Parallel Aware': False, 'Async Capable': False, 'Startup Cost': 1412339.33, 'Total Cost': 1412339.33, 'Plan Rows': 1, 'Plan Width': 241, 'Plans': [{'Node Type': 'Sort', 'Parent Relationship': 'Outer', 'Parallel Aware': False, 'Async Capable': False, 'Startup Cost': 1412339.33, 'Total Cost': 1412339.33, 'Plan Rows': 1, 'Plan Width': 241, 'Sort Key': ['item.i_item_id', '(sum(store_sales.ss_ext_sales_price))'], 'Plans': [{'Node Type': 'Merge Join', 'Parent Relationship': 'Outer', 'Parallel Aware': False, 'Async Capable': False, 'Join Type': 'Inner', 'Startup Cost': 1411497.09, 'Total Cost': 1412339.32, 'Plan Rows': 1, 'Plan Width': 241, 'Inner Unique': False, 'Merge Cond': '(item.i_item_id = item_2.i_item_id)', 'Join Filter': '(((sum(store_sales.ss_ext_sales_price)) >= (0.9 * (sum(catalog_sales.cs_ext_sales_price)))) AND ((sum(store_sales.ss_ext_sales_price)) <= (1.1 * (sum(catalog_sales.cs_ext_sales_price)))) AND ((sum(catalog_sales.cs_ext_sales_price)) >= (0.9 * (sum(store_sales.ss_ext_sales_price)))) AND ((sum(catalog_sales.cs_ext_sales_price)) <= (1.1 * (sum(store_sales.ss_ext_sales_price)))) AND ((sum(store_sales.ss_ext_sales_price)) >= (0.9 * (sum(web_sales.ws_ext_sales_price)))) AND ((sum(store_sales.ss_ext_sales_price)) <= (1.1 * (sum(web_sales.ws_ext_sales_price)))) AND ((sum(web_sales.ws_ext_sales_price)) >= (0.9 * (sum(store_sales.ss_ext_sales_price)))) AND ((sum(web_sales.ws_ext_sales_price)) <= (1.1 * (sum(store_sales.ss_ext_sales_price)))))', 'Plans': [{'Node Type': 'Aggregate', 'Strategy': 'Sorted', 'Partial Mode': 'Finalize', 'Parent Relationship': 'Outer', 'Parallel Aware': False, 'Async Capable': False, 'Startup Cost': 696753.06, 'Total Cost': 697077.89, 'Plan Rows': 2634, 'Plan Width': 49, 'Group Key': ['item.i_item_id'], 'Plans': [{'Node Type': 'Seq Scan', 'Parent Relationship': 'InitPlan', 'Subplan Name': 'InitPlan 1 (returns $0)', 'Parallel Aware': False, 'Async Capable': False, 'Relation Name': 'date_dim', 'Alias': 'date_dim_6', 'Startup Cost': 0.0, 'Total Cost': 2318.11, 'Plan Rows': 1, 'Plan Width': 4, 'Filter': ""(d_date = '2001-07-05'::date)"", 'parent': 3, 'ID': 4}, {'Node Type': 'Gather Merge', 'Parent Relationship': 'Outer', 'Parallel Aware': False, 'Async Capable': False, 'Startup Cost': 694434.95, 'Total Cost': 694710.38, 'Plan Rows': 2196, 'Plan Width': 49, 'Workers Planned': 2, 'Params Evaluated': ['$0'], 'Plans': [{'Node Type': 'Aggregate', 'Strategy': 'Sorted', 'Partial Mode': 'Partial', 'Parent Relationship': 'Outer', 'Parallel Aware': False, 'Async Capable': False, 'Startup Cost': 693434.92, 'Total Cost': 693456.88, 'Plan Rows': 1098, 'Plan Width': 49, 'Group Key': ['item.i_item_id'], 'Plans': [{'Node Type': 'Sort', 'Parent Relationship': 'Outer', 'Parallel Aware': False, 'Async Capable': False, 'Startup Cost': 693434.92, 'Total Cost': 693437.67, 'Plan Rows': 1098, 'Plan Width': 23, 'Sort Key': ['item.i_item_id'], 'Plans': [{'Node Type': 'Hash Join', 'Parent Relationship': 'Outer', 'Parallel Aware': True, 'Async Capable': False, 'Join Type': 'Inner', 'Startup Cost': 685826.52, 'Total Cost': 693379.47, 'Plan Rows': 1098, 'Plan Width': 23, 'Inner Unique': False, 'Hash Cond': '(item.i_item_sk = store_sales.ss_item_sk)', 'Plans': [{'Node Type': 'Seq Scan', 'Parent Relationship': 'Outer', 'Parallel Aware': True, 'Async Capable': False, 'Relation Name': 'item', 'Alias': 'item', 'Startup Cost': 0.0, 'Total Cost': 7389.0, 'Plan Rows': 42500, 'Plan Width': 21, 'parent': 8, 'ID': 9}, {'Node Type': 'Hash', 'Parent Relationship': 'Inner', 'Parallel Aware': True, 'Async Capable': False, 'Startup Cost': 685812.79, 'Total Cost': 685812.79, 'Plan Rows': 1098, 'Plan Width': 10, 'Plans': [{'Node Type': 'Hash Join', 'Parent Relationship': 'Outer', 'Parallel Aware': True, 'Async Capable': False, 'Join Type': 'Inner', 'Startup Cost': 3889.77, 'Total Cost': 685812.79, 'Plan Rows': 1098, 'Plan Width': 10, 'Inner Unique': False, 'Hash Cond': '(store_sales.ss_sold_date_sk = date_dim.d_date_sk)', 'Plans': [{'Node Type': 'Seq Scan', 'Parent Relationship': 'Outer', 'Parallel Aware': True, 'Async Capable': False, 'Relation Name': 'store_sales', 'Alias': 'store_sales', 'Startup Cost': 0.0, 'Total Cost': 636914.37, 'Plan Rows': 12000637, 'Plan Width': 14, 'parent': 11, 'ID': 12}, {'Node Type': 'Hash', 'Parent Relationship': 'Inner', 'Parallel Aware': True, 'Async Capable': False, 'Startup Cost': 3889.72, 'Total Cost': 3889.72, 'Plan Rows': 4, 'Plan Width': 4, 'Plans': [{'Node Type': 'Hash Join', 'Parent Relationship': 'Outer', 'Parallel Aware': True, 'Async Capable': False, 'Join Type': 'Semi', 'Startup Cost': 1942.17, 'Total Cost': 3889.72, 'Plan Rows': 4, 'Plan Width': 4, 'Inner Unique': False, 'Hash Cond': '(date_dim.d_date = date_dim_1.d_date)', 'Plans': [{'Node Type': 'Seq Scan', 'Parent Relationship': 'Outer', 'Parallel Aware': True, 'Async Capable': False, 'Relation Name': 'date_dim', 'Alias': 'date_dim', 'Startup Cost': 0.0, 'Total Cost': 1834.7, 'Plan Rows': 42970, 'Plan Width': 8, 'parent': 14, 'ID': 15}, {'Node Type': 'Hash', 'Parent Relationship': 'Inner', 'Parallel Aware': True, 'Async Capable': False, 'Startup Cost': 1942.12, 'Total Cost': 1942.12, 'Plan Rows': 4, 'Plan Width': 4, 'Plans': [{'Node Type': 'Seq Scan', 'Parent Relationship': 'Outer', 'Parallel Aware': True, 'Async Capable': False, 'Relation Name': 'date_dim', 'Alias': 'date_dim_1', 'Startup Cost': 0.0, 'Total Cost': 1942.12, 'Plan Rows': 4, 'Plan Width': 4, 'Filter': '(d_week_seq = $0)', 'parent': 16, 'ID': 17}], 'parent': 14, 'ID': 16, 'left': 17}], 'parent': 13, 'ID': 14, 'left': 15, 'right': 16}], 'parent': 11, 'ID': 13, 'left': 14}], 'parent': 10, 'ID': 11, 'left': 12, 'right': 13}], 'parent': 8, 'ID': 10, 'left': 11}], 'parent': 7, 'ID': 8, 'left': 9, 'right': 10}], 'parent': 6, 'ID': 7, 'left': 8}], 'parent': 5, 'ID': 6, 'left': 7}], 'parent': 3, 'ID': 5, 'left': 6}], 'parent': 2, 'ID': 3, 'left': 4, 'right': 5}, {'Node Type': 'Materialize', 'Parent Relationship': 'Inner', 'Parallel Aware': False, 'Async Capable': False, 'Startup Cost': 714744.03, 'Total Cost': 715186.59, 'Plan Rows': 58, 'Plan Width': 98, 'Plans': [{'Node Type': 'Merge Join', 'Parent Relationship': 'Outer', 'Parallel Aware': False, 'Async Capable': False, 'Join Type': 'Inner', 'Startup Cost': 714744.03, 'Total Cost': 715186.44, 'Plan Rows': 58, 'Plan Width': 98, 'Inner Unique': True, 'Merge Cond': '(item_1.i_item_id = item_2.i_item_id)', 'Join Filter': '(((sum(catalog_sales.cs_ext_sales_price)) >= (0.9 * (sum(web_sales.ws_ext_sales_price)))) AND ((sum(catalog_sales.cs_ext_sales_price)) <= (1.1 * (sum(web_sales.ws_ext_sales_price)))) AND ((sum(web_sales.ws_ext_sales_price)) >= (0.9 * (sum(catalog_sales.cs_ext_sales_price)))) AND ((sum(web_sales.ws_ext_sales_price)) <= (1.1 * (sum(catalog_sales.cs_ext_sales_price)))))', 'Plans': [{'Node Type': 'Aggregate', 'Strategy': 'Sorted', 'Partial Mode': 'Finalize', 'Parent Relationship': 'Outer', 'Parallel Aware': False, 'Async Capable': False, 'Startup Cost': 243758.54, 'Total Cost': 243843.73, 'Plan Rows': 690, 'Plan Width': 49, 'Group Key': ['item_1.i_item_id'], 'Plans': [{'Node Type': 'Seq Scan', 'Parent Relationship': 'InitPlan', 'Subplan Name': 'InitPlan 3 (returns $2)', 'Parallel Aware': False, 'Async Capable': False, 'Relation Name': 'date_dim', 'Alias': 'date_dim_8', 'Startup Cost': 0.0, 'Total Cost': 2318.11, 'Plan Rows': 1, 'Plan Width': 4, 'Filter': ""(d_date = '2001-07-05'::date)"", 'parent': 20, 'ID': 21}, {'Node Type': 'Gather Merge', 'Parent Relationship': 'Outer', 'Parallel Aware': False, 'Async Capable': False, 'Startup Cost': 241440.43, 'Total Cost': 241512.67, 'Plan Rows': 576, 'Plan Width': 49, 'Workers Planned': 2, 'Params Evaluated': ['$2'], 'Plans': [{'Node Type': 'Aggregate', 'Strategy': 'Sorted', 'Partial Mode': 'Partial', 'Parent Relationship': 'Outer', 'Parallel Aware': False, 'Async Capable': False, 'Startup Cost': 240440.4, 'Total Cost': 240446.16, 'Plan Rows': 288, 'Plan Width': 49, 'Group Key': ['item_1.i_item_id'], 'Plans': [{'Node Type': 'Sort', 'Parent Relationship': 'Outer', 'Parallel Aware': False, 'Async Capable': False, 'Startup Cost': 240440.4, 'Total Cost': 240441.12, 'Plan Rows': 288, 'Plan Width': 23, 'Sort Key': ['item_1.i_item_id'], 'Plans': [{'Node Type': 'Hash Join', 'Parent Relationship': 'Outer', 'Parallel Aware': True, 'Async Capable': False, 'Join Type': 'Inner', 'Startup Cost': 232879.06, 'Total Cost': 240428.64, 'Plan Rows': 288, 'Plan Width': 23, 'Inner Unique': False, 'Hash Cond': '(item_1.i_item_sk = web_sales.ws_item_sk)', 'Plans': [{'Node Type': 'Seq Scan', 'Parent Relationship': 'Outer', 'Parallel Aware': True, 'Async Capable': False, 'Relation Name': 'item', 'Alias': 'item_1', 'Startup Cost': 0.0, 'Total Cost': 7389.0, 'Plan Rows': 42500, 'Plan Width': 21, 'parent': 25, 'ID': 26}, {'Node Type': 'Hash', 'Parent Relationship': 'Inner', 'Parallel Aware': True, 'Async Capable': False, 'Startup Cost': 232875.46, 'Total Cost': 232875.46, 'Plan Rows': 288, 'Plan Width': 10, 'Plans': [{'Node Type': 'Hash Join', 'Parent Relationship': 'Outer', 'Parallel Aware': True, 'Async Capable': False, 'Join Type': 'Inner', 'Startup Cost': 3889.77, 'Total Cost': 232875.46, 'Plan Rows': 288, 'Plan Width': 10, 'Inner Unique': False, 'Hash Cond': '(web_sales.ws_sold_date_sk = date_dim_2.d_date_sk)', 'Plans': [{'Node Type': 'Seq Scan', 'Parent Relationship': 'Outer', 'Parallel Aware': True, 'Async Capable': False, 'Relation Name': 'web_sales', 'Alias': 'web_sales', 'Startup Cost': 0.0, 'Total Cost': 217737.86, 'Plan Rows': 2998986, 'Plan Width': 14, 'parent': 28, 'ID': 29}, {'Node Type': 'Hash', 'Parent Relationship': 'Inner', 'Parallel Aware': True, 'Async Capable': False, 'Startup Cost': 3889.72, 'Total Cost': 3889.72, 'Plan Rows': 4, 'Plan Width': 4, 'Plans': [{'Node Type': 'Hash Join', 'Parent Relationship': 'Outer', 'Parallel Aware': True, 'Async Capable': False, 'Join Type': 'Semi', 'Startup Cost': 1942.17, 'Total Cost': 3889.72, 'Plan Rows': 4, 'Plan Width': 4, 'Inner Unique': False, 'Hash Cond': '(date_dim_2.d_date = date_dim_3.d_date)', 'Plans': [{'Node Type': 'Seq Scan', 'Parent Relationship': 'Outer', 'Parallel Aware': True, 'Async Capable': False, 'Relation Name': 'date_dim', 'Alias': 'date_dim_2', 'Startup Cost': 0.0, 'Total Cost': 1834.7, 'Plan Rows': 42970, 'Plan Width': 8, 'parent': 31, 'ID': 32}, {'Node Type': 'Hash', 'Parent Relationship': 'Inner', 'Parallel Aware': True, 'Async Capable': False, 'Startup Cost': 1942.12, 'Total Cost': 1942.12, 'Plan Rows': 4, 'Plan Width': 4, 'Plans': [{'Node Type': 'Seq Scan', 'Parent Relationship': 'Outer', 'Parallel Aware': True, 'Async Capable': False, 'Relation Name': 'date_dim', 'Alias': 'date_dim_3', 'Startup Cost': 0.0, 'Total Cost': 1942.12, 'Plan Rows': 4, 'Plan Width': 4, 'Filter': '(d_week_seq = $2)', 'parent': 33, 'ID': 34}], 'parent': 31, 'ID': 33, 'left': 34}], 'parent': 30, 'ID': 31, 'left': 32, 'right': 33}], 'parent': 28, 'ID': 30, 'left': 31}], 'parent': 27, 'ID': 28, 'left': 29, 'right': 30}], 'parent': 25, 'ID': 27, 'left': 28}], 'parent': 24, 'ID': 25, 'left': 26, 'right': 27}], 'parent': 23, 'ID': 24, 'left': 25}], 'parent': 22, 'ID': 23, 'left': 24}], 'parent': 20, 'ID': 22, 'left': 23}], 'parent': 19, 'ID': 20, 'left': 21, 'right': 22}, {'Node Type': 'Materialize', 'Parent Relationship': 'Inner', 'Parallel Aware': False, 'Async Capable': False, 'Startup Cost': 470985.5, 'Total Cost': 471171.86, 'Plan Rows': 1372, 'Plan Width': 49, 'Plans': [{'Node Type': 'Aggregate', 'Strategy': 'Sorted', 'Partial Mode': 'Finalize', 'Parent Relationship': 'Outer', 'Parallel Aware': False, 'Async Capable': False, 'Startup Cost': 470985.5, 'Total Cost': 471154.71, 'Plan Rows': 1372, 'Plan Width': 49, 'Group Key': ['item_2.i_item_id'], 'Plans': [{'Node Type': 'Seq Scan', 'Parent Relationship': 'InitPlan', 'Subplan Name': 'InitPlan 2 (returns $1)', 'Parallel Aware': False, 'Async Capable': False, 'Relation Name': 'date_dim', 'Alias': 'date_dim_7', 'Startup Cost': 0.0, 'Total Cost': 2318.11, 'Plan Rows': 1, 'Plan Width': 4, 'Filter': ""(d_date = '2001-07-05'::date)"", 'parent': 36, 'ID': 37}, {'Node Type': 'Gather Merge', 'Parent Relationship': 'Outer', 'Parallel Aware': False, 'Async Capable': False, 'Startup Cost': 468667.38, 'Total Cost': 468810.87, 'Plan Rows': 1144, 'Plan Width': 49, 'Workers Planned': 2, 'Params Evaluated': ['$1'], 'Plans': [{'Node Type': 'Aggregate', 'Strategy': 'Sorted', 'Partial Mode': 'Partial', 'Parent Relationship': 'Outer', 'Parallel Aware': False, 'Async Capable': False, 'Startup Cost': 467667.36, 'Total Cost': 467678.8, 'Plan Rows': 572, 'Plan Width': 49, 'Group Key': ['item_2.i_item_id'], 'Plans': [{'Node Type': 'Sort', 'Parent Relationship': 'Outer', 'Parallel Aware': False, 'Async Capable': False, 'Startup Cost': 467667.36, 'Total Cost': 467668.79, 'Plan Rows': 572, 'Plan Width': 23, 'Sort Key': ['item_2.i_item_id'], 'Plans': [{'Node Type': 'Hash Join', 'Parent Relationship': 'Outer', 'Parallel Aware': True, 'Async Capable': False, 'Join Type': 'Inner', 'Startup Cost': 460090.41, 'Total Cost': 467641.16, 'Plan Rows': 572, 'Plan Width': 23, 'Inner Unique': False, 'Hash Cond': '(item_2.i_item_sk = catalog_sales.cs_item_sk)', 'Plans': [{'Node Type': 'Seq Scan', 'Parent Relationship': 'Outer', 'Parallel Aware': True, 'Async Capable': False, 'Relation Name': 'item', 'Alias': 'item_2', 'Startup Cost': 0.0, 'Total Cost': 7389.0, 'Plan Rows': 42500, 'Plan Width': 21, 'parent': 41, 'ID': 42}, {'Node Type': 'Hash', 'Parent Relationship': 'Inner', 'Parallel Aware': True, 'Async Capable': False, 'Startup Cost': 460083.26, 'Total Cost': 460083.26, 'Plan Rows': 572, 'Plan Width': 10, 'Plans': [{'Node Type': 'Hash Join', 'Parent Relationship': 'Outer', 'Parallel Aware': True, 'Async Capable': False, 'Join Type': 'Inner', 'Startup Cost': 3889.77, 'Total Cost': 460083.26, 'Plan Rows': 572, 'Plan Width': 10, 'Inner Unique': False, 'Hash Cond': '(catalog_sales.cs_sold_date_sk = date_dim_4.d_date_sk)', 'Plans': [{'Node Type': 'Seq Scan', 'Parent Relationship': 'Outer', 'Parallel Aware': True, 'Async Capable': False, 'Relation Name': 'catalog_sales', 'Alias': 'catalog_sales', 'Startup Cost': 0.0, 'Total Cost': 433688.25, 'Plan Rows': 6000525, 'Plan Width': 14, 'parent': 44, 'ID': 45}, {'Node Type': 'Hash', 'Parent Relationship': 'Inner', 'Parallel Aware': True, 'Async Capable': False, 'Startup Cost': 3889.72, 'Total Cost': 3889.72, 'Plan Rows': 4, 'Plan Width': 4, 'Plans': [{'Node Type': 'Hash Join', 'Parent Relationship': 'Outer', 'Parallel Aware': True, 'Async Capable': False, 'Join Type': 'Semi', 'Startup Cost': 1942.17, 'Total Cost': 3889.72, 'Plan Rows': 4, 'Plan Width': 4, 'Inner Unique': False, 'Hash Cond': '(date_dim_4.d_date = date_dim_5.d_date)', 'Plans': [{'Node Type': 'Seq Scan', 'Parent Relationship': 'Outer', 'Parallel Aware': True, 'Async Capable': False, 'Relation Name': 'date_dim', 'Alias': 'date_dim_4', 'Startup Cost': 0.0, 'Total Cost': 1834.7, 'Plan Rows': 42970, 'Plan Width': 8, 'parent': 47, 'ID': 48}, {'Node Type': 'Hash', 'Parent Relationship': 'Inner', 'Parallel Aware': True, 'Async Capable': False, 'Startup Cost': 1942.12, 'Total Cost': 1942.12, 'Plan Rows': 4, 'Plan Width': 4, 'Plans': [{'Node Type': 'Seq Scan', 'Parent Relationship': 'Outer', 'Parallel Aware': True, 'Async Capable': False, 'Relation Name': 'date_dim', 'Alias': 'date_dim_5', 'Startup Cost': 0.0, 'Total Cost': 1942.12, 'Plan Rows': 4, 'Plan Width': 4, 'Filter': '(d_week_seq = $1)', 'parent': 49, 'ID': 50}], 'parent': 47, 'ID': 49, 'left': 50}], 'parent': 46, 'ID': 47, 'left': 48, 'right': 49}], 'parent': 44, 'ID': 46, 'left': 47}], 'parent': 43, 'ID': 44, 'left': 45, 'right': 46}], 'parent': 41, 'ID': 43, 'left': 44}], 'parent': 40, 'ID': 41, 'left': 42, 'right': 43}], 'parent': 39, 'ID': 40, 'left': 41}], 'parent': 38, 'ID': 39, 'left': 40}], 'parent': 36, 'ID': 38, 'left': 39}], 'parent': 35, 'ID': 36, 'left': 37, 'right': 38}], 'parent': 19, 'ID': 35, 'left': 36}], 'parent': 18, 'ID': 19, 'left': 20, 'right': 35}], 'parent': 2, 'ID': 18, 'left': 19}], 'parent': 1, 'ID': 2, 'left': 3, 'right': 18}], 'parent': 0, 'ID': 1, 'left': 2}], 'parent': None, 'ID': 0, 'left': 1}"
2,19,"select  i_brand_id brand_id, i_brand brand, i_manufact_id, i_manufact,
 	sum(ss_ext_sales_price) ext_price
 from date_dim, store_sales, item,customer,customer_address,store
 where d_date_sk = ss_sold_date_sk
   and ss_item_sk = i_item_sk
   and i_manager_id=13
   and d_moy=12
   and d_year=1998
   and ss_customer_sk = c_customer_sk 
   and c_current_addr_sk = ca_address_sk
   and substr(ca_zip,1,5) <> substr(s_zip,1,5) 
   and ss_store_sk = s_store_sk 
 group by i_brand
      ,i_brand_id
      ,i_manufact_id
      ,i_manufact
 order by ext_price desc
         ,i_brand
         ,i_brand_id
         ,i_manufact_id
         ,i_manufact
limit 100 ;

-- end query 10 in stream 4 using template query19.tpl
","{'Node Type': 'Limit', 'Parallel Aware': False, 'Async Capable': False, 'Startup Cost': 716668.17, 'Total Cost': 716668.42, 'Plan Rows': 100, 'Plan Width': 142, 'Plans': [{'Node Type': 'Sort', 'Parent Relationship': 'Outer', 'Parallel Aware': False, 'Async Capable': False, 'Startup Cost': 716668.17, 'Total Cost': 716668.62, 'Plan Rows': 182, 'Plan Width': 142, 'Sort Key': ['(sum(store_sales.ss_ext_sales_price)) DESC', 'item.i_brand', 'item.i_brand_id', 'item.i_manufact_id', 'item.i_manufact'], 'Plans': [{'Node Type': 'Aggregate', 'Strategy': 'Sorted', 'Partial Mode': 'Simple', 'Parent Relationship': 'Outer', 'Parallel Aware': False, 'Async Capable': False, 'Startup Cost': 716089.59, 'Total Cost': 716661.33, 'Plan Rows': 182, 'Plan Width': 142, 'Group Key': ['item.i_brand', 'item.i_brand_id', 'item.i_manufact_id', 'item.i_manufact'], 'Plans': [{'Node Type': 'Nested Loop', 'Parent Relationship': 'Outer', 'Parallel Aware': False, 'Async Capable': False, 'Join Type': 'Inner', 'Startup Cost': 716089.59, 'Total Cost': 716656.78, 'Plan Rows': 182, 'Plan Width': 116, 'Inner Unique': False, 'Join Filter': '((store_sales.ss_store_sk = store.s_store_sk) AND (substr((customer_address.ca_zip)::text, 1, 5) <> substr((store.s_zip)::text, 1, 5)))', 'Plans': [{'Node Type': 'Gather Merge', 'Parent Relationship': 'Outer', 'Parallel Aware': False, 'Async Capable': False, 'Startup Cost': 716089.59, 'Total Cost': 716111.95, 'Plan Rows': 192, 'Plan Width': 131, 'Workers Planned': 2, 'Plans': [{'Node Type': 'Sort', 'Parent Relationship': 'Outer', 'Parallel Aware': False, 'Async Capable': False, 'Startup Cost': 715089.56, 'Total Cost': 715089.76, 'Plan Rows': 80, 'Plan Width': 131, 'Sort Key': ['item.i_brand', 'item.i_brand_id', 'item.i_manufact_id', 'item.i_manufact'], 'Plans': [{'Node Type': 'Hash Join', 'Parent Relationship': 'Outer', 'Parallel Aware': True, 'Async Capable': False, 'Join Type': 'Inner', 'Startup Cost': 708219.41, 'Total Cost': 715087.03, 'Plan Rows': 80, 'Plan Width': 131, 'Inner Unique': False, 'Hash Cond': '(customer_address.ca_address_sk = customer.c_current_addr_sk)', 'Plans': [{'Node Type': 'Seq Scan', 'Parent Relationship': 'Outer', 'Parallel Aware': True, 'Async Capable': False, 'Relation Name': 'customer_address', 'Alias': 'customer_address', 'Startup Cost': 0.0, 'Total Cost': 6476.67, 'Plan Rows': 104167, 'Plan Width': 15, 'parent': 6, 'ID': 7}, {'Node Type': 'Hash', 'Parent Relationship': 'Inner', 'Parallel Aware': True, 'Async Capable': False, 'Startup Cost': 708218.41, 'Total Cost': 708218.41, 'Plan Rows': 80, 'Plan Width': 124, 'Plans': [{'Node Type': 'Hash Join', 'Parent Relationship': 'Outer', 'Parallel Aware': True, 'Async Capable': False, 'Join Type': 'Inner', 'Startup Cost': 691518.5, 'Total Cost': 708218.41, 'Plan Rows': 80, 'Plan Width': 124, 'Inner Unique': False, 'Hash Cond': '(customer.c_customer_sk = store_sales.ss_customer_sk)', 'Plans': [{'Node Type': 'Seq Scan', 'Parent Relationship': 'Outer', 'Parallel Aware': True, 'Async Capable': False, 'Relation Name': 'customer', 'Alias': 'customer', 'Startup Cost': 0.0, 'Total Cost': 15918.33, 'Plan Rows': 208333, 'Plan Width': 8, 'parent': 9, 'ID': 10}, {'Node Type': 'Hash', 'Parent Relationship': 'Inner', 'Parallel Aware': True, 'Async Capable': False, 'Startup Cost': 691517.45, 'Total Cost': 691517.45, 'Plan Rows': 84, 'Plan Width': 124, 'Plans': [{'Node Type': 'Hash Join', 'Parent Relationship': 'Outer', 'Parallel Aware': True, 'Async Capable': False, 'Join Type': 'Inner', 'Startup Cost': 9554.49, 'Total Cost': 691517.45, 'Plan Rows': 84, 'Plan Width': 124, 'Inner Unique': False, 'Hash Cond': '(store_sales.ss_item_sk = item.i_item_sk)', 'Plans': [{'Node Type': 'Hash Join', 'Parent Relationship': 'Outer', 'Parallel Aware': True, 'Async Capable': False, 'Join Type': 'Inner', 'Startup Cost': 2049.78, 'Total Cost': 683994.75, 'Plan Rows': 4703, 'Plan Width': 18, 'Inner Unique': False, 'Hash Cond': '(store_sales.ss_sold_date_sk = date_dim.d_date_sk)', 'Plans': [{'Node Type': 'Seq Scan', 'Parent Relationship': 'Outer', 'Parallel Aware': True, 'Async Capable': False, 'Relation Name': 'store_sales', 'Alias': 'store_sales', 'Startup Cost': 0.0, 'Total Cost': 636914.37, 'Plan Rows': 12000637, 'Plan Width': 22, 'parent': 13, 'ID': 14}, {'Node Type': 'Hash', 'Parent Relationship': 'Inner', 'Parallel Aware': True, 'Async Capable': False, 'Startup Cost': 2049.55, 'Total Cost': 2049.55, 'Plan Rows': 18, 'Plan Width': 4, 'Plans': [{'Node Type': 'Seq Scan', 'Parent Relationship': 'Outer', 'Parallel Aware': True, 'Async Capable': False, 'Relation Name': 'date_dim', 'Alias': 'date_dim', 'Startup Cost': 0.0, 'Total Cost': 2049.55, 'Plan Rows': 18, 'Plan Width': 4, 'Filter': '((d_moy = 12) AND (d_year = 1998))', 'parent': 15, 'ID': 16}], 'parent': 13, 'ID': 15, 'left': 16}], 'parent': 12, 'ID': 13, 'left': 14, 'right': 15}, {'Node Type': 'Hash', 'Parent Relationship': 'Inner', 'Parallel Aware': True, 'Async Capable': False, 'Startup Cost': 7495.25, 'Total Cost': 7495.25, 'Plan Rows': 757, 'Plan Width': 114, 'Plans': [{'Node Type': 'Seq Scan', 'Parent Relationship': 'Outer', 'Parallel Aware': True, 'Async Capable': False, 'Relation Name': 'item', 'Alias': 'item', 'Startup Cost': 0.0, 'Total Cost': 7495.25, 'Plan Rows': 757, 'Plan Width': 114, 'Filter': '(i_manager_id = 13)', 'parent': 17, 'ID': 18}], 'parent': 12, 'ID': 17, 'left': 18}], 'parent': 11, 'ID': 12, 'left': 13, 'right': 17}], 'parent': 9, 'ID': 11, 'left': 12}], 'parent': 8, 'ID': 9, 'left': 10, 'right': 11}], 'parent': 6, 'ID': 8, 'left': 9}], 'parent': 5, 'ID': 6, 'left': 7, 'right': 8}], 'parent': 4, 'ID': 5, 'left': 6}], 'parent': 3, 'ID': 4, 'left': 5}, {'Node Type': 'Materialize', 'Parent Relationship': 'Inner', 'Parallel Aware': False, 'Async Capable': False, 'Startup Cost': 0.0, 'Total Cost': 6.53, 'Plan Rows': 102, 'Plan Width': 15, 'Plans': [{'Node Type': 'Seq Scan', 'Parent Relationship': 'Outer', 'Parallel Aware': False, 'Async Capable': False, 'Relation Name': 'store', 'Alias': 'store', 'Startup Cost': 0.0, 'Total Cost': 6.02, 'Plan Rows': 102, 'Plan Width': 15, 'parent': 19, 'ID': 20}], 'parent': 3, 'ID': 19, 'left': 20}], 'parent': 2, 'ID': 3, 'left': 4, 'right': 19}], 'parent': 1, 'ID': 2, 'left': 3}], 'parent': 0, 'ID': 1, 'left': 2}], 'parent': None, 'ID': 0, 'left': 1}"
3,80,"with ssr as
 (select  s_store_id as store_id,
          sum(ss_ext_sales_price) as sales,
          sum(coalesce(sr_return_amt, 0)) as returns,
          sum(ss_net_profit - coalesce(sr_net_loss, 0)) as profit
  from store_sales left outer join store_returns on
         (ss_item_sk = sr_item_sk and ss_ticket_number = sr_ticket_number),
     date_dim,
     store,
     item,
     promotion
 where ss_sold_date_sk = d_date_sk
       and d_date between cast('2000-08-02' as date) 
                  and (cast('2000-08-02' as date) +  interval '30 days')
       and ss_store_sk = s_store_sk
       and ss_item_sk = i_item_sk
       and i_current_price > 50
       and ss_promo_sk = p_promo_sk
       and p_channel_tv = 'N'
 group by s_store_id)
 ,
 csr as
 (select  cp_catalog_page_id as catalog_page_id,
          sum(cs_ext_sales_price) as sales,
          sum(coalesce(cr_return_amount, 0)) as returns,
          sum(cs_net_profit - coalesce(cr_net_loss, 0)) as profit
  from catalog_sales left outer join catalog_returns on
         (cs_item_sk = cr_item_sk and cs_order_number = cr_order_number),
     date_dim,
     catalog_page,
     item,
     promotion
 where cs_sold_date_sk = d_date_sk
       and d_date between cast('2000-08-02' as date)
                  and (cast('2000-08-02' as date) +  interval '30 days')
        and cs_catalog_page_sk = cp_catalog_page_sk
       and cs_item_sk = i_item_sk
       and i_current_price > 50
       and cs_promo_sk = p_promo_sk
       and p_channel_tv = 'N'
group by cp_catalog_page_id)
 ,
 wsr as
 (select  web_site_id,
          sum(ws_ext_sales_price) as sales,
          sum(coalesce(wr_return_amt, 0)) as returns,
          sum(ws_net_profit - coalesce(wr_net_loss, 0)) as profit
  from web_sales left outer join web_returns on
         (ws_item_sk = wr_item_sk and ws_order_number = wr_order_number),
     date_dim,
     web_site,
     item,
     promotion
 where ws_sold_date_sk = d_date_sk
       and d_date between cast('2000-08-02' as date)
                  and (cast('2000-08-02' as date) +  interval '30 days')
        and ws_web_site_sk = web_site_sk
       and ws_item_sk = i_item_sk
       and i_current_price > 50
       and ws_promo_sk = p_promo_sk
       and p_channel_tv = 'N'
group by web_site_id)
  select  channel
        , id
        , sum(sales) as sales
        , sum(returns) as returns
        , sum(profit) as profit
 from 
 (select 'store channel' as channel
        , 'store' || store_id as id
        , sales
        , returns
        , profit
 from   ssr
 union all
 select 'catalog channel' as channel
        , 'catalog_page' || catalog_page_id as id
        , sales
        , returns
        , profit
 from  csr
 union all
 select 'web channel' as channel
        , 'web_site' || web_site_id as id
        , sales
        , returns
        , profit
 from   wsr
 ) x
 group by rollup (channel, id)
 order by channel
         ,id
 limit 100;

-- end query 61 in stream 4 using template query80.tpl
","{'Node Type': 'Limit', 'Parallel Aware': False, 'Async Capable': False, 'Startup Cost': 1566793.64, 'Total Cost': 1566796.93, 'Plan Rows': 100, 'Plan Width': 160, 'Plans': [{'Node Type': 'Aggregate', 'Strategy': 'Sorted', 'Partial Mode': 'Simple', 'Parent Relationship': 'Outer', 'Parallel Aware': False, 'Async Capable': False, 'Startup Cost': 1566793.64, 'Total Cost': 1566806.84, 'Plan Rows': 401, 'Plan Width': 160, 'Grouping Sets': [{'Group Keys': [[""('store channel'::text)"", ""(('store'::text || (ssr.store_id)::text))""], [""('store channel'::text)""], []]}], 'Plans': [{'Node Type': 'Sort', 'Parent Relationship': 'Outer', 'Parallel Aware': False, 'Async Capable': False, 'Startup Cost': 1566793.64, 'Total Cost': 1566794.67, 'Plan Rows': 412, 'Plan Width': 160, 'Sort Key': [""('store channel'::text)"", ""(('store'::text || (ssr.store_id)::text))""], 'Plans': [{'Node Type': 'Append', 'Parent Relationship': 'Outer', 'Parallel Aware': False, 'Async Capable': False, 'Startup Cost': 784596.3, 'Total Cost': 1566775.74, 'Plan Rows': 412, 'Plan Width': 160, 'Subplans Removed': 0, 'Plans': [{'Node Type': 'Subquery Scan', 'Parent Relationship': 'Member', 'Parallel Aware': False, 'Async Capable': False, 'Alias': 'ssr', 'Startup Cost': 784596.3, 'Total Cost': 784616.16, 'Plan Rows': 51, 'Plan Width': 160, 'Plans': [{'Node Type': 'Aggregate', 'Strategy': 'Sorted', 'Partial Mode': 'Finalize', 'Parent Relationship': 'Subquery', 'Parallel Aware': False, 'Async Capable': False, 'Startup Cost': 784596.3, 'Total Cost': 784615.39, 'Plan Rows': 51, 'Plan Width': 113, 'Group Key': ['store.s_store_id'], 'Plans': [{'Node Type': 'Gather Merge', 'Parent Relationship': 'Outer', 'Parallel Aware': False, 'Async Capable': False, 'Startup Cost': 784596.3, 'Total Cost': 784612.71, 'Plan Rows': 102, 'Plan Width': 113, 'Workers Planned': 2, 'Plans': [{'Node Type': 'Aggregate', 'Strategy': 'Sorted', 'Partial Mode': 'Partial', 'Parent Relationship': 'Outer', 'Parallel Aware': False, 'Async Capable': False, 'Startup Cost': 783596.27, 'Total Cost': 783600.92, 'Plan Rows': 51, 'Plan Width': 113, 'Group Key': ['store.s_store_id'], 'Plans': [{'Node Type': 'Sort', 'Parent Relationship': 'Outer', 'Parallel Aware': False, 'Async Capable': False, 'Startup Cost': 783596.27, 'Total Cost': 783596.9, 'Plan Rows': 250, 'Plan Width': 41, 'Sort Key': ['store.s_store_id'], 'Plans': [{'Node Type': 'Hash Join', 'Parent Relationship': 'Outer', 'Parallel Aware': False, 'Async Capable': False, 'Join Type': 'Inner', 'Startup Cost': 94489.35, 'Total Cost': 783586.32, 'Plan Rows': 250, 'Plan Width': 41, 'Inner Unique': False, 'Hash Cond': '(store_sales.ss_store_sk = store.s_store_sk)', 'Plans': [{'Node Type': 'Hash Join', 'Parent Relationship': 'Outer', 'Parallel Aware': False, 'Async Capable': False, 'Join Type': 'Inner', 'Startup Cost': 94482.05, 'Total Cost': 783575.54, 'Plan Rows': 262, 'Plan Width': 28, 'Inner Unique': False, 'Hash Cond': '(store_sales.ss_promo_sk = promotion.p_promo_sk)', 'Plans': [{'Node Type': 'Hash Join', 'Parent Relationship': 'Outer', 'Parallel Aware': True, 'Async Capable': False, 'Join Type': 'Inner', 'Startup Cost': 94456.65, 'Total Cost': 783546.47, 'Plan Rows': 279, 'Plan Width': 32, 'Inner Unique': False, 'Hash Cond': '(store_sales.ss_item_sk = item.i_item_sk)', 'Plans': [{'Node Type': 'Hash Join', 'Parent Relationship': 'Outer', 'Parallel Aware': True, 'Async Capable': False, 'Join Type': 'Left', 'Startup Cost': 86930.88, 'Total Cost': 776001.31, 'Plan Rows': 4860, 'Plan Width': 36, 'Inner Unique': False, 'Hash Cond': '((store_sales.ss_item_sk = store_returns.sr_item_sk) AND (store_sales.ss_ticket_number = store_returns.sr_ticket_number))', 'Plans': [{'Node Type': 'Hash Join', 'Parent Relationship': 'Outer', 'Parallel Aware': True, 'Async Capable': False, 'Join Type': 'Inner', 'Startup Cost': 2049.78, 'Total Cost': 683994.75, 'Plan Rows': 4860, 'Plan Width': 28, 'Inner Unique': False, 'Hash Cond': '(store_sales.ss_sold_date_sk = date_dim.d_date_sk)', 'Plans': [{'Node Type': 'Seq Scan', 'Parent Relationship': 'Outer', 'Parallel Aware': True, 'Async Capable': False, 'Relation Name': 'store_sales', 'Alias': 'store_sales', 'Startup Cost': 0.0, 'Total Cost': 636914.37, 'Plan Rows': 12000637, 'Plan Width': 32, 'parent': 13, 'ID': 14}, {'Node Type': 'Hash', 'Parent Relationship': 'Inner', 'Parallel Aware': True, 'Async Capable': False, 'Startup Cost': 2049.55, 'Total Cost': 2049.55, 'Plan Rows': 18, 'Plan Width': 4, 'Plans': [{'Node Type': 'Seq Scan', 'Parent Relationship': 'Outer', 'Parallel Aware': True, 'Async Capable': False, 'Relation Name': 'date_dim', 'Alias': 'date_dim', 'Startup Cost': 0.0, 'Total Cost': 2049.55, 'Plan Rows': 18, 'Plan Width': 4, 'Filter': ""((d_date >= '2000-08-02'::date) AND (d_date <= '2000-09-01 00:00:00'::timestamp without time zone))"", 'parent': 15, 'ID': 16}], 'parent': 13, 'ID': 15, 'left': 16}], 'parent': 12, 'ID': 13, 'left': 14, 'right': 15}, {'Node Type': 'Hash', 'Parent Relationship': 'Inner', 'Parallel Aware': True, 'Async Capable': False, 'Startup Cost': 59887.64, 'Total Cost': 59887.64, 'Plan Rows': 1198164, 'Plan Width': 20, 'Plans': [{'Node Type': 'Seq Scan', 'Parent Relationship': 'Outer', 'Parallel Aware': True, 'Async Capable': False, 'Relation Name': 'store_returns', 'Alias': 'store_returns', 'Startup Cost': 0.0, 'Total Cost': 59887.64, 'Plan Rows': 1198164, 'Plan Width': 20, 'parent': 17, 'ID': 18}], 'parent': 12, 'ID': 17, 'left': 18}], 'parent': 11, 'ID': 12, 'left': 13, 'right': 17}, {'Node Type': 'Hash', 'Parent Relationship': 'Inner', 'Parallel Aware': True, 'Async Capable': False, 'Startup Cost': 7495.25, 'Total Cost': 7495.25, 'Plan Rows': 2442, 'Plan Width': 4, 'Plans': [{'Node Type': 'Seq Scan', 'Parent Relationship': 'Outer', 'Parallel Aware': True, 'Async Capable': False, 'Relation Name': 'item', 'Alias': 'item', 'Startup Cost': 0.0, 'Total Cost': 7495.25, 'Plan Rows': 2442, 'Plan Width': 4, 'Filter': ""(i_current_price > '50'::numeric)"", 'parent': 19, 'ID': 20}], 'parent': 11, 'ID': 19, 'left': 20}], 'parent': 10, 'ID': 11, 'left': 12, 'right': 19}, {'Node Type': 'Hash', 'Parent Relationship': 'Inner', 'Parallel Aware': False, 'Async Capable': False, 'Startup Cost': 19.25, 'Total Cost': 19.25, 'Plan Rows': 492, 'Plan Width': 4, 'Plans': [{'Node Type': 'Seq Scan', 'Parent Relationship': 'Outer', 'Parallel Aware': False, 'Async Capable': False, 'Relation Name': 'promotion', 'Alias': 'promotion', 'Startup Cost': 0.0, 'Total Cost': 19.25, 'Plan Rows': 492, 'Plan Width': 4, 'Filter': ""(p_channel_tv = 'N'::bpchar)"", 'parent': 21, 'ID': 22}], 'parent': 10, 'ID': 21, 'left': 22}], 'parent': 9, 'ID': 10, 'left': 11, 'right': 21}, {'Node Type': 'Hash', 'Parent Relationship': 'Inner', 'Parallel Aware': False, 'Async Capable': False, 'Startup Cost': 6.02, 'Total Cost': 6.02, 'Plan Rows': 102, 'Plan Width': 21, 'Plans': [{'Node Type': 'Seq Scan', 'Parent Relationship': 'Outer', 'Parallel Aware': False, 'Async Capable': False, 'Relation Name': 'store', 'Alias': 'store', 'Startup Cost': 0.0, 'Total Cost': 6.02, 'Plan Rows': 102, 'Plan Width': 21, 'parent': 23, 'ID': 24}], 'parent': 9, 'ID': 23, 'left': 24}], 'parent': 8, 'ID': 9, 'left': 10, 'right': 23}], 'parent': 7, 'ID': 8, 'left': 9}], 'parent': 6, 'ID': 7, 'left': 8}], 'parent': 5, 'ID': 6, 'left': 7}], 'parent': 4, 'ID': 5, 'left': 6}], 'parent': 3, 'ID': 4, 'left': 5}, {'Node Type': 'Subquery Scan', 'Parent Relationship': 'Member', 'Parallel Aware': False, 'Async Capable': False, 'Alias': 'csr', 'Startup Cost': 518177.36, 'Total Cost': 518230.78, 'Plan Rows': 340, 'Plan Width': 160, 'Plans': [{'Node Type': 'Aggregate', 'Strategy': 'Sorted', 'Partial Mode': 'Finalize', 'Parent Relationship': 'Subquery', 'Parallel Aware': False, 'Async Capable': False, 'Startup Cost': 518177.36, 'Total Cost': 518225.68, 'Plan Rows': 340, 'Plan Width': 113, 'Group Key': ['catalog_page.cp_catalog_page_id'], 'Plans': [{'Node Type': 'Gather Merge', 'Parent Relationship': 'Outer', 'Parallel Aware': False, 'Async Capable': False, 'Startup Cost': 518177.36, 'Total Cost': 518214.76, 'Plan Rows': 284, 'Plan Width': 113, 'Workers Planned': 2, 'Plans': [{'Node Type': 'Aggregate', 'Strategy': 'Sorted', 'Partial Mode': 'Partial', 'Parent Relationship': 'Outer', 'Parallel Aware': False, 'Async Capable': False, 'Startup Cost': 517177.34, 'Total Cost': 517181.95, 'Plan Rows': 142, 'Plan Width': 113, 'Group Key': ['catalog_page.cp_catalog_page_id'], 'Plans': [{'Node Type': 'Sort', 'Parent Relationship': 'Outer', 'Parallel Aware': False, 'Async Capable': False, 'Startup Cost': 517177.34, 'Total Cost': 517177.69, 'Plan Rows': 142, 'Plan Width': 41, 'Sort Key': ['catalog_page.cp_catalog_page_id'], 'Plans': [{'Node Type': 'Hash Join', 'Parent Relationship': 'Outer', 'Parallel Aware': False, 'Async Capable': False, 'Join Type': 'Inner', 'Startup Cost': 57382.33, 'Total Cost': 517172.26, 'Plan Rows': 142, 'Plan Width': 41, 'Inner Unique': False, 'Hash Cond': '(catalog_sales.cs_catalog_page_sk = catalog_page.cp_catalog_page_sk)', 'Plans': [{'Node Type': 'Hash Join', 'Parent Relationship': 'Outer', 'Parallel Aware': False, 'Async Capable': False, 'Join Type': 'Inner', 'Startup Cost': 56864.33, 'Total Cost': 516652.32, 'Plan Rows': 142, 'Plan Width': 28, 'Inner Unique': False, 'Hash Cond': '(catalog_sales.cs_promo_sk = promotion_1.p_promo_sk)', 'Plans': [{'Node Type': 'Hash Join', 'Parent Relationship': 'Outer', 'Parallel Aware': True, 'Async Capable': False, 'Join Type': 'Inner', 'Startup Cost': 56838.93, 'Total Cost': 516624.96, 'Plan Rows': 145, 'Plan Width': 32, 'Inner Unique': False, 'Hash Cond': '(catalog_sales.cs_item_sk = item_1.i_item_sk)', 'Plans': [{'Node Type': 'Hash Join', 'Parent Relationship': 'Outer', 'Parallel Aware': True, 'Async Capable': False, 'Join Type': 'Left', 'Startup Cost': 49313.15, 'Total Cost': 509089.08, 'Plan Rows': 2532, 'Plan Width': 36, 'Inner Unique': False, 'Hash Cond': '((catalog_sales.cs_item_sk = catalog_returns.cr_item_sk) AND (catalog_sales.cs_order_number = catalog_returns.cr_order_number))', 'Plans': [{'Node Type': 'Hash Join', 'Parent Relationship': 'Outer', 'Parallel Aware': True, 'Async Capable': False, 'Join Type': 'Inner', 'Startup Cost': 2049.78, 'Total Cost': 458254.7, 'Plan Rows': 2532, 'Plan Width': 28, 'Inner Unique': False, 'Hash Cond': '(catalog_sales.cs_sold_date_sk = date_dim_1.d_date_sk)', 'Plans': [{'Node Type': 'Seq Scan', 'Parent Relationship': 'Outer', 'Parallel Aware': True, 'Async Capable': False, 'Relation Name': 'catalog_sales', 'Alias': 'catalog_sales', 'Startup Cost': 0.0, 'Total Cost': 433688.25, 'Plan Rows': 6000525, 'Plan Width': 32, 'parent': 34, 'ID': 35}, {'Node Type': 'Hash', 'Parent Relationship': 'Inner', 'Parallel Aware': True, 'Async Capable': False, 'Startup Cost': 2049.55, 'Total Cost': 2049.55, 'Plan Rows': 18, 'Plan Width': 4, 'Plans': [{'Node Type': 'Seq Scan', 'Parent Relationship': 'Outer', 'Parallel Aware': True, 'Async Capable': False, 'Relation Name': 'date_dim', 'Alias': 'date_dim_1', 'Startup Cost': 0.0, 'Total Cost': 2049.55, 'Plan Rows': 18, 'Plan Width': 4, 'Filter': ""((d_date >= '2000-08-02'::date) AND (d_date <= '2000-09-01 00:00:00'::timestamp without time zone))"", 'parent': 36, 'ID': 37}], 'parent': 34, 'ID': 36, 'left': 37}], 'parent': 33, 'ID': 34, 'left': 35, 'right': 36}, {'Node Type': 'Hash', 'Parent Relationship': 'Inner', 'Parallel Aware': True, 'Async Capable': False, 'Startup Cost': 34748.95, 'Total Cost': 34748.95, 'Plan Rows': 599895, 'Plan Width': 20, 'Plans': [{'Node Type': 'Seq Scan', 'Parent Relationship': 'Outer', 'Parallel Aware': True, 'Async Capable': False, 'Relation Name': 'catalog_returns', 'Alias': 'catalog_returns', 'Startup Cost': 0.0, 'Total Cost': 34748.95, 'Plan Rows': 599895, 'Plan Width': 20, 'parent': 38, 'ID': 39}], 'parent': 33, 'ID': 38, 'left': 39}], 'parent': 32, 'ID': 33, 'left': 34, 'right': 38}, {'Node Type': 'Hash', 'Parent Relationship': 'Inner', 'Parallel Aware': True, 'Async Capable': False, 'Startup Cost': 7495.25, 'Total Cost': 7495.25, 'Plan Rows': 2442, 'Plan Width': 4, 'Plans': [{'Node Type': 'Seq Scan', 'Parent Relationship': 'Outer', 'Parallel Aware': True, 'Async Capable': False, 'Relation Name': 'item', 'Alias': 'item_1', 'Startup Cost': 0.0, 'Total Cost': 7495.25, 'Plan Rows': 2442, 'Plan Width': 4, 'Filter': ""(i_current_price > '50'::numeric)"", 'parent': 40, 'ID': 41}], 'parent': 32, 'ID': 40, 'left': 41}], 'parent': 31, 'ID': 32, 'left': 33, 'right': 40}, {'Node Type': 'Hash', 'Parent Relationship': 'Inner', 'Parallel Aware': False, 'Async Capable': False, 'Startup Cost': 19.25, 'Total Cost': 19.25, 'Plan Rows': 492, 'Plan Width': 4, 'Plans': [{'Node Type': 'Seq Scan', 'Parent Relationship': 'Outer', 'Parallel Aware': False, 'Async Capable': False, 'Relation Name': 'promotion', 'Alias': 'promotion_1', 'Startup Cost': 0.0, 'Total Cost': 19.25, 'Plan Rows': 492, 'Plan Width': 4, 'Filter': ""(p_channel_tv = 'N'::bpchar)"", 'parent': 42, 'ID': 43}], 'parent': 31, 'ID': 42, 'left': 43}], 'parent': 30, 'ID': 31, 'left': 32, 'right': 42}, {'Node Type': 'Hash', 'Parent Relationship': 'Inner', 'Parallel Aware': False, 'Async Capable': False, 'Startup Cost': 368.0, 'Total Cost': 368.0, 'Plan Rows': 12000, 'Plan Width': 21, 'Plans': [{'Node Type': 'Seq Scan', 'Parent Relationship': 'Outer', 'Parallel Aware': False, 'Async Capable': False, 'Relation Name': 'catalog_page', 'Alias': 'catalog_page', 'Startup Cost': 0.0, 'Total Cost': 368.0, 'Plan Rows': 12000, 'Plan Width': 21, 'parent': 44, 'ID': 45}], 'parent': 30, 'ID': 44, 'left': 45}], 'parent': 29, 'ID': 30, 'left': 31, 'right': 44}], 'parent': 28, 'ID': 29, 'left': 30}], 'parent': 27, 'ID': 28, 'left': 29}], 'parent': 26, 'ID': 27, 'left': 28}], 'parent': 25, 'ID': 26, 'left': 27}], 'parent': 3, 'ID': 25, 'left': 26}, {'Node Type': 'Subquery Scan', 'Parent Relationship': 'Member', 'Parallel Aware': False, 'Async Capable': False, 'Alias': 'wsr', 'Startup Cost': 263919.04, 'Total Cost': 263926.75, 'Plan Rows': 21, 'Plan Width': 160, 'Plans': [{'Node Type': 'Aggregate', 'Strategy': 'Sorted', 'Partial Mode': 'Finalize', 'Parent Relationship': 'Subquery', 'Parallel Aware': False, 'Async Capable': False, 'Startup Cost': 263919.04, 'Total Cost': 263926.43, 'Plan Rows': 21, 'Plan Width': 113, 'Group Key': ['web_site.web_site_id'], 'Plans': [{'Node Type': 'Gather Merge', 'Parent Relationship': 'Outer', 'Parallel Aware': False, 'Async Capable': False, 'Startup Cost': 263919.04, 'Total Cost': 263925.33, 'Plan Rows': 42, 'Plan Width': 113, 'Workers Planned': 2, 'Plans': [{'Node Type': 'Aggregate', 'Strategy': 'Sorted', 'Partial Mode': 'Partial', 'Parent Relationship': 'Outer', 'Parallel Aware': False, 'Async Capable': False, 'Startup Cost': 262919.01, 'Total Cost': 262920.46, 'Plan Rows': 21, 'Plan Width': 113, 'Group Key': ['web_site.web_site_id'], 'Plans': [{'Node Type': 'Sort', 'Parent Relationship': 'Outer', 'Parallel Aware': False, 'Async Capable': False, 'Startup Cost': 262919.01, 'Total Cost': 262919.19, 'Plan Rows': 72, 'Plan Width': 41, 'Sort Key': ['web_site.web_site_id'], 'Plans': [{'Node Type': 'Hash Join', 'Parent Relationship': 'Outer', 'Parallel Aware': False, 'Async Capable': False, 'Join Type': 'Inner', 'Startup Cost': 32134.74, 'Total Cost': 262916.79, 'Plan Rows': 72, 'Plan Width': 41, 'Inner Unique': False, 'Hash Cond': '(web_sales.ws_web_site_sk = web_site.web_site_sk)', 'Plans': [{'Node Type': 'Hash Join', 'Parent Relationship': 'Outer', 'Parallel Aware': False, 'Async Capable': False, 'Join Type': 'Inner', 'Startup Cost': 32130.8, 'Total Cost': 262911.86, 'Plan Rows': 72, 'Plan Width': 28, 'Inner Unique': False, 'Hash Cond': '(web_sales.ws_promo_sk = promotion_2.p_promo_sk)', 'Plans': [{'Node Type': 'Hash Join', 'Parent Relationship': 'Outer', 'Parallel Aware': True, 'Async Capable': False, 'Join Type': 'Inner', 'Startup Cost': 32105.4, 'Total Cost': 262885.46, 'Plan Rows': 73, 'Plan Width': 32, 'Inner Unique': False, 'Hash Cond': '(web_sales.ws_item_sk = item_2.i_item_sk)', 'Plans': [{'Node Type': 'Hash Join', 'Parent Relationship': 'Outer', 'Parallel Aware': True, 'Async Capable': False, 'Join Type': 'Left', 'Startup Cost': 24579.62, 'Total Cost': 255354.62, 'Plan Rows': 1272, 'Plan Width': 36, 'Inner Unique': False, 'Hash Cond': '((web_sales.ws_item_sk = web_returns.wr_item_sk) AND (web_sales.ws_order_number = web_returns.wr_order_number))', 'Plans': [{'Node Type': 'Hash Join', 'Parent Relationship': 'Outer', 'Parallel Aware': True, 'Async Capable': False, 'Join Type': 'Inner', 'Startup Cost': 2049.78, 'Total Cost': 231041.22, 'Plan Rows': 1272, 'Plan Width': 28, 'Inner Unique': False, 'Hash Cond': '(web_sales.ws_sold_date_sk = date_dim_2.d_date_sk)', 'Plans': [{'Node Type': 'Seq Scan', 'Parent Relationship': 'Outer', 'Parallel Aware': True, 'Async Capable': False, 'Relation Name': 'web_sales', 'Alias': 'web_sales', 'Startup Cost': 0.0, 'Total Cost': 217737.86, 'Plan Rows': 2998986, 'Plan Width': 32, 'parent': 55, 'ID': 56}, {'Node Type': 'Hash', 'Parent Relationship': 'Inner', 'Parallel Aware': True, 'Async Capable': False, 'Startup Cost': 2049.55, 'Total Cost': 2049.55, 'Plan Rows': 18, 'Plan Width': 4, 'Plans': [{'Node Type': 'Seq Scan', 'Parent Relationship': 'Outer', 'Parallel Aware': True, 'Async Capable': False, 'Relation Name': 'date_dim', 'Alias': 'date_dim_2', 'Startup Cost': 0.0, 'Total Cost': 2049.55, 'Plan Rows': 18, 'Plan Width': 4, 'Filter': ""((d_date >= '2000-08-02'::date) AND (d_date <= '2000-09-01 00:00:00'::timestamp without time zone))"", 'parent': 57, 'ID': 58}], 'parent': 55, 'ID': 57, 'left': 58}], 'parent': 54, 'ID': 55, 'left': 56, 'right': 57}, {'Node Type': 'Hash', 'Parent Relationship': 'Inner', 'Parallel Aware': True, 'Async Capable': False, 'Startup Cost': 16278.74, 'Total Cost': 16278.74, 'Plan Rows': 299674, 'Plan Width': 20, 'Plans': [{'Node Type': 'Seq Scan', 'Parent Relationship': 'Outer', 'Parallel Aware': True, 'Async Capable': False, 'Relation Name': 'web_returns', 'Alias': 'web_returns', 'Startup Cost': 0.0, 'Total Cost': 16278.74, 'Plan Rows': 299674, 'Plan Width': 20, 'parent': 59, 'ID': 60}], 'parent': 54, 'ID': 59, 'left': 60}], 'parent': 53, 'ID': 54, 'left': 55, 'right': 59}, {'Node Type': 'Hash', 'Parent Relationship': 'Inner', 'Parallel Aware': True, 'Async Capable': False, 'Startup Cost': 7495.25, 'Total Cost': 7495.25, 'Plan Rows': 2442, 'Plan Width': 4, 'Plans': [{'Node Type': 'Seq Scan', 'Parent Relationship': 'Outer', 'Parallel Aware': True, 'Async Capable': False, 'Relation Name': 'item', 'Alias': 'item_2', 'Startup Cost': 0.0, 'Total Cost': 7495.25, 'Plan Rows': 2442, 'Plan Width': 4, 'Filter': ""(i_current_price > '50'::numeric)"", 'parent': 61, 'ID': 62}], 'parent': 53, 'ID': 61, 'left': 62}], 'parent': 52, 'ID': 53, 'left': 54, 'right': 61}, {'Node Type': 'Hash', 'Parent Relationship': 'Inner', 'Parallel Aware': False, 'Async Capable': False, 'Startup Cost': 19.25, 'Total Cost': 19.25, 'Plan Rows': 492, 'Plan Width': 4, 'Plans': [{'Node Type': 'Seq Scan', 'Parent Relationship': 'Outer', 'Parallel Aware': False, 'Async Capable': False, 'Relation Name': 'promotion', 'Alias': 'promotion_2', 'Startup Cost': 0.0, 'Total Cost': 19.25, 'Plan Rows': 492, 'Plan Width': 4, 'Filter': ""(p_channel_tv = 'N'::bpchar)"", 'parent': 63, 'ID': 64}], 'parent': 52, 'ID': 63, 'left': 64}], 'parent': 51, 'ID': 52, 'left': 53, 'right': 63}, {'Node Type': 'Hash', 'Parent Relationship': 'Inner', 'Parallel Aware': False, 'Async Capable': False, 'Startup Cost': 3.42, 'Total Cost': 3.42, 'Plan Rows': 42, 'Plan Width': 21, 'Plans': [{'Node Type': 'Seq Scan', 'Parent Relationship': 'Outer', 'Parallel Aware': False, 'Async Capable': False, 'Relation Name': 'web_site', 'Alias': 'web_site', 'Startup Cost': 0.0, 'Total Cost': 3.42, 'Plan Rows': 42, 'Plan Width': 21, 'parent': 65, 'ID': 66}], 'parent': 51, 'ID': 65, 'left': 66}], 'parent': 50, 'ID': 51, 'left': 52, 'right': 65}], 'parent': 49, 'ID': 50, 'left': 51}], 'parent': 48, 'ID': 49, 'left': 50}], 'parent': 47, 'ID': 48, 'left': 49}], 'parent': 46, 'ID': 47, 'left': 48}], 'parent': 3, 'ID': 46, 'left': 47}], 'parent': 2, 'ID': 3, 'left': 4, 'right': 25}], 'parent': 1, 'ID': 2, 'left': 3}], 'parent': 0, 'ID': 1, 'left': 2}], 'parent': None, 'ID': 0, 'left': 1}"
4,56,"with ss as (
 select i_item_id,sum(ss_ext_sales_price) total_sales
 from
 	store_sales,
 	date_dim,
         customer_address,
         item
 where i_item_id in (select
     i_item_id
from item
where i_color in ('spring','saddle','brown'))
 and     ss_item_sk              = i_item_sk
 and     ss_sold_date_sk         = d_date_sk
 and     d_year                  = 2002
 and     d_moy                   = 2
 and     ss_addr_sk              = ca_address_sk
 and     ca_gmt_offset           = -8 
 group by i_item_id),
 cs as (
 select i_item_id,sum(cs_ext_sales_price) total_sales
 from
 	catalog_sales,
 	date_dim,
         customer_address,
         item
 where
         i_item_id               in (select
  i_item_id
from item
where i_color in ('spring','saddle','brown'))
 and     cs_item_sk              = i_item_sk
 and     cs_sold_date_sk         = d_date_sk
 and     d_year                  = 2002
 and     d_moy                   = 2
 and     cs_bill_addr_sk         = ca_address_sk
 and     ca_gmt_offset           = -8 
 group by i_item_id),
 ws as (
 select i_item_id,sum(ws_ext_sales_price) total_sales
 from
 	web_sales,
 	date_dim,
         customer_address,
         item
 where
         i_item_id               in (select
  i_item_id
from item
where i_color in ('spring','saddle','brown'))
 and     ws_item_sk              = i_item_sk
 and     ws_sold_date_sk         = d_date_sk
 and     d_year                  = 2002
 and     d_moy                   = 2
 and     ws_bill_addr_sk         = ca_address_sk
 and     ca_gmt_offset           = -8
 group by i_item_id)
  select  i_item_id ,sum(total_sales) total_sales
 from  (select * from ss 
        union all
        select * from cs 
        union all
        select * from ws) tmp1
 group by i_item_id
 order by total_sales,
          i_item_id
 limit 100;

-- end query 40 in stream 0 using template query56.tpl
","{'Node Type': 'Limit', 'Parallel Aware': False, 'Async Capable': False, 'Startup Cost': 1445183.8, 'Total Cost': 1445184.03, 'Plan Rows': 94, 'Plan Width': 49, 'Plans': [{'Node Type': 'Sort', 'Parent Relationship': 'Outer', 'Parallel Aware': False, 'Async Capable': False, 'Startup Cost': 1445183.8, 'Total Cost': 1445184.03, 'Plan Rows': 94, 'Plan Width': 49, 'Sort Key': ['(sum((sum(store_sales.ss_ext_sales_price))))', 'item.i_item_id'], 'Plans': [{'Node Type': 'Aggregate', 'Strategy': 'Sorted', 'Partial Mode': 'Simple', 'Parent Relationship': 'Outer', 'Parallel Aware': False, 'Async Capable': False, 'Startup Cost': 1445117.36, 'Total Cost': 1445180.72, 'Plan Rows': 94, 'Plan Width': 49, 'Group Key': ['item.i_item_id'], 'Plans': [{'Node Type': 'Merge Append', 'Parent Relationship': 'Outer', 'Parallel Aware': False, 'Async Capable': False, 'Startup Cost': 1445117.36, 'Total Cost': 1445179.07, 'Plan Rows': 94, 'Plan Width': 49, 'Sort Key': ['item.i_item_id'], 'Subplans Removed': 0, 'Plans': [{'Node Type': 'Aggregate', 'Strategy': 'Sorted', 'Partial Mode': 'Finalize', 'Parent Relationship': 'Member', 'Parallel Aware': False, 'Async Capable': False, 'Startup Cost': 708019.02, 'Total Cost': 708050.41, 'Plan Rows': 52, 'Plan Width': 49, 'Group Key': ['item.i_item_id'], 'Plans': [{'Node Type': 'Gather Merge', 'Parent Relationship': 'Outer', 'Parallel Aware': False, 'Async Capable': False, 'Startup Cost': 708019.02, 'Total Cost': 708049.43, 'Plan Rows': 44, 'Plan Width': 49, 'Workers Planned': 2, 'Plans': [{'Node Type': 'Aggregate', 'Strategy': 'Sorted', 'Partial Mode': 'Partial', 'Parent Relationship': 'Outer', 'Parallel Aware': False, 'Async Capable': False, 'Startup Cost': 707019.0, 'Total Cost': 707044.33, 'Plan Rows': 22, 'Plan Width': 49, 'Group Key': ['item.i_item_id'], 'Plans': [{'Node Type': 'Merge Join', 'Parent Relationship': 'Outer', 'Parallel Aware': False, 'Async Capable': False, 'Join Type': 'Semi', 'Startup Cost': 707019.0, 'Total Cost': 707043.94, 'Plan Rows': 22, 'Plan Width': 23, 'Inner Unique': False, 'Merge Cond': '(item.i_item_id = item_1.i_item_id)', 'Plans': [{'Node Type': 'Sort', 'Parent Relationship': 'Outer', 'Parallel Aware': False, 'Async Capable': False, 'Startup Cost': 698363.1, 'Total Cost': 698363.62, 'Plan Rows': 205, 'Plan Width': 23, 'Sort Key': ['item.i_item_id'], 'Plans': [{'Node Type': 'Hash Join', 'Parent Relationship': 'Outer', 'Parallel Aware': True, 'Async Capable': False, 'Join Type': 'Inner', 'Startup Cost': 690806.01, 'Total Cost': 698355.23, 'Plan Rows': 205, 'Plan Width': 23, 'Inner Unique': False, 'Hash Cond': '(item.i_item_sk = store_sales.ss_item_sk)', 'Plans': [{'Node Type': 'Seq Scan', 'Parent Relationship': 'Outer', 'Parallel Aware': True, 'Async Capable': False, 'Relation Name': 'item', 'Alias': 'item', 'Startup Cost': 0.0, 'Total Cost': 7389.0, 'Plan Rows': 42500, 'Plan Width': 21, 'parent': 9, 'ID': 10}, {'Node Type': 'Hash', 'Parent Relationship': 'Inner', 'Parallel Aware': True, 'Async Capable': False, 'Startup Cost': 690803.44, 'Total Cost': 690803.44, 'Plan Rows': 205, 'Plan Width': 10, 'Plans': [{'Node Type': 'Hash Join', 'Parent Relationship': 'Outer', 'Parallel Aware': True, 'Async Capable': False, 'Join Type': 'Inner', 'Startup Cost': 684046.46, 'Total Cost': 690803.44, 'Plan Rows': 205, 'Plan Width': 10, 'Inner Unique': False, 'Hash Cond': '(customer_address.ca_address_sk = store_sales.ss_addr_sk)', 'Plans': [{'Node Type': 'Seq Scan', 'Parent Relationship': 'Outer', 'Parallel Aware': True, 'Async Capable': False, 'Relation Name': 'customer_address', 'Alias': 'customer_address', 'Startup Cost': 0.0, 'Total Cost': 6737.08, 'Plan Rows': 5080, 'Plan Width': 4, 'Filter': ""(ca_gmt_offset = '-8'::numeric)"", 'parent': 12, 'ID': 13}, {'Node Type': 'Hash', 'Parent Relationship': 'Inner', 'Parallel Aware': True, 'Async Capable': False, 'Startup Cost': 683991.59, 'Total Cost': 683991.59, 'Plan Rows': 4390, 'Plan Width': 14, 'Plans': [{'Node Type': 'Hash Join', 'Parent Relationship': 'Outer', 'Parallel Aware': True, 'Async Capable': False, 'Join Type': 'Inner', 'Startup Cost': 2049.75, 'Total Cost': 683991.59, 'Plan Rows': 4390, 'Plan Width': 14, 'Inner Unique': False, 'Hash Cond': '(store_sales.ss_sold_date_sk = date_dim.d_date_sk)', 'Plans': [{'Node Type': 'Seq Scan', 'Parent Relationship': 'Outer', 'Parallel Aware': True, 'Async Capable': False, 'Relation Name': 'store_sales', 'Alias': 'store_sales', 'Startup Cost': 0.0, 'Total Cost': 636914.37, 'Plan Rows': 12000637, 'Plan Width': 18, 'parent': 15, 'ID': 16}, {'Node Type': 'Hash', 'Parent Relationship': 'Inner', 'Parallel Aware': True, 'Async Capable': False, 'Startup Cost': 2049.55, 'Total Cost': 2049.55, 'Plan Rows': 16, 'Plan Width': 4, 'Plans': [{'Node Type': 'Seq Scan', 'Parent Relationship': 'Outer', 'Parallel Aware': True, 'Async Capable': False, 'Relation Name': 'date_dim', 'Alias': 'date_dim', 'Startup Cost': 0.0, 'Total Cost': 2049.55, 'Plan Rows': 16, 'Plan Width': 4, 'Filter': '((d_year = 2002) AND (d_moy = 2))', 'parent': 17, 'ID': 18}], 'parent': 15, 'ID': 17, 'left': 18}], 'parent': 14, 'ID': 15, 'left': 16, 'right': 17}], 'parent': 12, 'ID': 14, 'left': 15}], 'parent': 11, 'ID': 12, 'left': 13, 'right': 14}], 'parent': 9, 'ID': 11, 'left': 12}], 'parent': 8, 'ID': 9, 'left': 10, 'right': 11}], 'parent': 7, 'ID': 8, 'left': 9}, {'Node Type': 'Sort', 'Parent Relationship': 'Inner', 'Parallel Aware': False, 'Async Capable': False, 'Startup Cost': 8655.89, 'Total Cost': 8667.74, 'Plan Rows': 4740, 'Plan Width': 17, 'Sort Key': ['item_1.i_item_id'], 'Plans': [{'Node Type': 'Seq Scan', 'Parent Relationship': 'Outer', 'Parallel Aware': False, 'Async Capable': False, 'Relation Name': 'item', 'Alias': 'item_1', 'Startup Cost': 0.0, 'Total Cost': 8366.5, 'Plan Rows': 4740, 'Plan Width': 17, 'Filter': ""(i_color = ANY ('{spring,saddle,brown}'::bpchar[]))"", 'parent': 19, 'ID': 20}], 'parent': 7, 'ID': 19, 'left': 20}], 'parent': 6, 'ID': 7, 'left': 8, 'right': 19}], 'parent': 5, 'ID': 6, 'left': 7}], 'parent': 4, 'ID': 5, 'left': 6}], 'parent': 3, 'ID': 4, 'left': 5}, {'Node Type': 'Aggregate', 'Strategy': 'Sorted', 'Partial Mode': 'Finalize', 'Parent Relationship': 'Member', 'Parallel Aware': False, 'Async Capable': False, 'Startup Cost': 482272.57, 'Total Cost': 482300.46, 'Plan Rows': 28, 'Plan Width': 49, 'Group Key': ['item_2.i_item_id'], 'Plans': [{'Node Type': 'Gather Merge', 'Parent Relationship': 'Outer', 'Parallel Aware': False, 'Async Capable': False, 'Startup Cost': 482272.57, 'Total Cost': 482299.93, 'Plan Rows': 24, 'Plan Width': 49, 'Workers Planned': 2, 'Plans': [{'Node Type': 'Aggregate', 'Strategy': 'Sorted', 'Partial Mode': 'Partial', 'Parent Relationship': 'Outer', 'Parallel Aware': False, 'Async Capable': False, 'Startup Cost': 481272.55, 'Total Cost': 481297.13, 'Plan Rows': 12, 'Plan Width': 49, 'Group Key': ['item_2.i_item_id'], 'Plans': [{'Node Type': 'Merge Join', 'Parent Relationship': 'Outer', 'Parallel Aware': False, 'Async Capable': False, 'Join Type': 'Semi', 'Startup Cost': 481272.55, 'Total Cost': 481296.92, 'Plan Rows': 12, 'Plan Width': 23, 'Inner Unique': False, 'Merge Cond': '(item_2.i_item_id = item_3.i_item_id)', 'Plans': [{'Node Type': 'Sort', 'Parent Relationship': 'Outer', 'Parallel Aware': False, 'Async Capable': False, 'Startup Cost': 472616.66, 'Total Cost': 472616.93, 'Plan Rows': 111, 'Plan Width': 23, 'Sort Key': ['item_2.i_item_id'], 'Plans': [{'Node Type': 'Hash Join', 'Parent Relationship': 'Outer', 'Parallel Aware': True, 'Async Capable': False, 'Join Type': 'Inner', 'Startup Cost': 465064.05, 'Total Cost': 472612.89, 'Plan Rows': 111, 'Plan Width': 23, 'Inner Unique': False, 'Hash Cond': '(item_2.i_item_sk = catalog_sales.cs_item_sk)', 'Plans': [{'Node Type': 'Seq Scan', 'Parent Relationship': 'Outer', 'Parallel Aware': True, 'Async Capable': False, 'Relation Name': 'item', 'Alias': 'item_2', 'Startup Cost': 0.0, 'Total Cost': 7389.0, 'Plan Rows': 42500, 'Plan Width': 21, 'parent': 26, 'ID': 27}, {'Node Type': 'Hash', 'Parent Relationship': 'Inner', 'Parallel Aware': True, 'Async Capable': False, 'Startup Cost': 465062.66, 'Total Cost': 465062.66, 'Plan Rows': 111, 'Plan Width': 10, 'Plans': [{'Node Type': 'Hash Join', 'Parent Relationship': 'Outer', 'Parallel Aware': True, 'Async Capable': False, 'Join Type': 'Inner', 'Startup Cost': 8850.33, 'Total Cost': 465062.66, 'Plan Rows': 111, 'Plan Width': 10, 'Inner Unique': False, 'Hash Cond': '(catalog_sales.cs_bill_addr_sk = customer_address_1.ca_address_sk)', 'Plans': [{'Node Type': 'Hash Join', 'Parent Relationship': 'Outer', 'Parallel Aware': True, 'Async Capable': False, 'Join Type': 'Inner', 'Startup Cost': 2049.75, 'Total Cost': 458253.04, 'Plan Rows': 2287, 'Plan Width': 14, 'Inner Unique': False, 'Hash Cond': '(catalog_sales.cs_sold_date_sk = date_dim_1.d_date_sk)', 'Plans': [{'Node Type': 'Seq Scan', 'Parent Relationship': 'Outer', 'Parallel Aware': True, 'Async Capable': False, 'Relation Name': 'catalog_sales', 'Alias': 'catalog_sales', 'Startup Cost': 0.0, 'Total Cost': 433688.25, 'Plan Rows': 6000525, 'Plan Width': 18, 'parent': 30, 'ID': 31}, {'Node Type': 'Hash', 'Parent Relationship': 'Inner', 'Parallel Aware': True, 'Async Capable': False, 'Startup Cost': 2049.55, 'Total Cost': 2049.55, 'Plan Rows': 16, 'Plan Width': 4, 'Plans': [{'Node Type': 'Seq Scan', 'Parent Relationship': 'Outer', 'Parallel Aware': True, 'Async Capable': False, 'Relation Name': 'date_dim', 'Alias': 'date_dim_1', 'Startup Cost': 0.0, 'Total Cost': 2049.55, 'Plan Rows': 16, 'Plan Width': 4, 'Filter': '((d_year = 2002) AND (d_moy = 2))', 'parent': 32, 'ID': 33}], 'parent': 30, 'ID': 32, 'left': 33}], 'parent': 29, 'ID': 30, 'left': 31, 'right': 32}, {'Node Type': 'Hash', 'Parent Relationship': 'Inner', 'Parallel Aware': True, 'Async Capable': False, 'Startup Cost': 6737.08, 'Total Cost': 6737.08, 'Plan Rows': 5080, 'Plan Width': 4, 'Plans': [{'Node Type': 'Seq Scan', 'Parent Relationship': 'Outer', 'Parallel Aware': True, 'Async Capable': False, 'Relation Name': 'customer_address', 'Alias': 'customer_address_1', 'Startup Cost': 0.0, 'Total Cost': 6737.08, 'Plan Rows': 5080, 'Plan Width': 4, 'Filter': ""(ca_gmt_offset = '-8'::numeric)"", 'parent': 34, 'ID': 35}], 'parent': 29, 'ID': 34, 'left': 35}], 'parent': 28, 'ID': 29, 'left': 30, 'right': 34}], 'parent': 26, 'ID': 28, 'left': 29}], 'parent': 25, 'ID': 26, 'left': 27, 'right': 28}], 'parent': 24, 'ID': 25, 'left': 26}, {'Node Type': 'Sort', 'Parent Relationship': 'Inner', 'Parallel Aware': False, 'Async Capable': False, 'Startup Cost': 8655.89, 'Total Cost': 8667.74, 'Plan Rows': 4740, 'Plan Width': 17, 'Sort Key': ['item_3.i_item_id'], 'Plans': [{'Node Type': 'Seq Scan', 'Parent Relationship': 'Outer', 'Parallel Aware': False, 'Async Capable': False, 'Relation Name': 'item', 'Alias': 'item_3', 'Startup Cost': 0.0, 'Total Cost': 8366.5, 'Plan Rows': 4740, 'Plan Width': 17, 'Filter': ""(i_color = ANY ('{spring,saddle,brown}'::bpchar[]))"", 'parent': 36, 'ID': 37}], 'parent': 24, 'ID': 36, 'left': 37}], 'parent': 23, 'ID': 24, 'left': 25, 'right': 36}], 'parent': 22, 'ID': 23, 'left': 24}], 'parent': 21, 'ID': 22, 'left': 23}], 'parent': 3, 'ID': 21, 'left': 22}, {'Node Type': 'Aggregate', 'Strategy': 'Sorted', 'Partial Mode': 'Simple', 'Parent Relationship': 'Member', 'Parallel Aware': False, 'Async Capable': False, 'Startup Cost': 254825.75, 'Total Cost': 254826.03, 'Plan Rows': 14, 'Plan Width': 49, 'Group Key': ['item_4.i_item_id'], 'Plans': [{'Node Type': 'Sort', 'Parent Relationship': 'Outer', 'Parallel Aware': False, 'Async Capable': False, 'Startup Cost': 254825.75, 'Total Cost': 254825.78, 'Plan Rows': 14, 'Plan Width': 23, 'Sort Key': ['item_4.i_item_id'], 'Plans': [{'Node Type': 'Hash Join', 'Parent Relationship': 'Outer', 'Parallel Aware': False, 'Async Capable': False, 'Join Type': 'Semi', 'Startup Cost': 247262.95, 'Total Cost': 254825.48, 'Plan Rows': 14, 'Plan Width': 23, 'Inner Unique': False, 'Hash Cond': '(item_4.i_item_id = item_5.i_item_id)', 'Plans': [{'Node Type': 'Gather', 'Parent Relationship': 'Outer', 'Parallel Aware': False, 'Async Capable': False, 'Startup Cost': 238837.2, 'Total Cost': 246399.21, 'Plan Rows': 134, 'Plan Width': 23, 'Workers Planned': 2, 'Single Copy': False, 'Plans': [{'Node Type': 'Hash Join', 'Parent Relationship': 'Outer', 'Parallel Aware': True, 'Async Capable': False, 'Join Type': 'Inner', 'Startup Cost': 237837.2, 'Total Cost': 245385.81, 'Plan Rows': 56, 'Plan Width': 23, 'Inner Unique': False, 'Hash Cond': '(item_4.i_item_sk = web_sales.ws_item_sk)', 'Plans': [{'Node Type': 'Seq Scan', 'Parent Relationship': 'Outer', 'Parallel Aware': True, 'Async Capable': False, 'Relation Name': 'item', 'Alias': 'item_4', 'Startup Cost': 0.0, 'Total Cost': 7389.0, 'Plan Rows': 42500, 'Plan Width': 21, 'parent': 42, 'ID': 43}, {'Node Type': 'Hash', 'Parent Relationship': 'Inner', 'Parallel Aware': True, 'Async Capable': False, 'Startup Cost': 237836.5, 'Total Cost': 237836.5, 'Plan Rows': 56, 'Plan Width': 10, 'Plans': [{'Node Type': 'Hash Join', 'Parent Relationship': 'Outer', 'Parallel Aware': True, 'Async Capable': False, 'Join Type': 'Inner', 'Startup Cost': 231054.74, 'Total Cost': 237836.5, 'Plan Rows': 56, 'Plan Width': 10, 'Inner Unique': False, 'Hash Cond': '(customer_address_2.ca_address_sk = web_sales.ws_bill_addr_sk)', 'Plans': [{'Node Type': 'Seq Scan', 'Parent Relationship': 'Outer', 'Parallel Aware': True, 'Async Capable': False, 'Relation Name': 'customer_address', 'Alias': 'customer_address_2', 'Startup Cost': 0.0, 'Total Cost': 6737.08, 'Plan Rows': 5080, 'Plan Width': 4, 'Filter': ""(ca_gmt_offset = '-8'::numeric)"", 'parent': 45, 'ID': 46}, {'Node Type': 'Hash', 'Parent Relationship': 'Inner', 'Parallel Aware': True, 'Async Capable': False, 'Startup Cost': 231040.38, 'Total Cost': 231040.38, 'Plan Rows': 1149, 'Plan Width': 14, 'Plans': [{'Node Type': 'Hash Join', 'Parent Relationship': 'Outer', 'Parallel Aware': True, 'Async Capable': False, 'Join Type': 'Inner', 'Startup Cost': 2049.75, 'Total Cost': 231040.38, 'Plan Rows': 1149, 'Plan Width': 14, 'Inner Unique': False, 'Hash Cond': '(web_sales.ws_sold_date_sk = date_dim_2.d_date_sk)', 'Plans': [{'Node Type': 'Seq Scan', 'Parent Relationship': 'Outer', 'Parallel Aware': True, 'Async Capable': False, 'Relation Name': 'web_sales', 'Alias': 'web_sales', 'Startup Cost': 0.0, 'Total Cost': 217737.86, 'Plan Rows': 2998986, 'Plan Width': 18, 'parent': 48, 'ID': 49}, {'Node Type': 'Hash', 'Parent Relationship': 'Inner', 'Parallel Aware': True, 'Async Capable': False, 'Startup Cost': 2049.55, 'Total Cost': 2049.55, 'Plan Rows': 16, 'Plan Width': 4, 'Plans': [{'Node Type': 'Seq Scan', 'Parent Relationship': 'Outer', 'Parallel Aware': True, 'Async Capable': False, 'Relation Name': 'date_dim', 'Alias': 'date_dim_2', 'Startup Cost': 0.0, 'Total Cost': 2049.55, 'Plan Rows': 16, 'Plan Width': 4, 'Filter': '((d_year = 2002) AND (d_moy = 2))', 'parent': 50, 'ID': 51}], 'parent': 48, 'ID': 50, 'left': 51}], 'parent': 47, 'ID': 48, 'left': 49, 'right': 50}], 'parent': 45, 'ID': 47, 'left': 48}], 'parent': 44, 'ID': 45, 'left': 46, 'right': 47}], 'parent': 42, 'ID': 44, 'left': 45}], 'parent': 41, 'ID': 42, 'left': 43, 'right': 44}], 'parent': 40, 'ID': 41, 'left': 42}, {'Node Type': 'Hash', 'Parent Relationship': 'Inner', 'Parallel Aware': False, 'Async Capable': False, 'Startup Cost': 8366.5, 'Total Cost': 8366.5, 'Plan Rows': 4740, 'Plan Width': 17, 'Plans': [{'Node Type': 'Seq Scan', 'Parent Relationship': 'Outer', 'Parallel Aware': False, 'Async Capable': False, 'Relation Name': 'item', 'Alias': 'item_5', 'Startup Cost': 0.0, 'Total Cost': 8366.5, 'Plan Rows': 4740, 'Plan Width': 17, 'Filter': ""(i_color = ANY ('{spring,saddle,brown}'::bpchar[]))"", 'parent': 52, 'ID': 53}], 'parent': 40, 'ID': 52, 'left': 53}], 'parent': 39, 'ID': 40, 'left': 41, 'right': 52}], 'parent': 38, 'ID': 39, 'left': 40}], 'parent': 3, 'ID': 38, 'left': 39}], 'parent': 2, 'ID': 3, 'left': 4, 'right': 21}], 'parent': 1, 'ID': 2, 'left': 3}], 'parent': 0, 'ID': 1, 'left': 2}], 'parent': None, 'ID': 0, 'left': 1}"
5,91,"select  
        cc_call_center_id Call_Center,
        cc_name Call_Center_Name,
        cc_manager Manager,
        sum(cr_net_loss) Returns_Loss
from
        call_center,
        catalog_returns,
        date_dim,
        customer,
        customer_address,
        customer_demographics,
        household_demographics
where
        cr_call_center_sk       = cc_call_center_sk
and     cr_returned_date_sk     = d_date_sk
and     cr_returning_customer_sk= c_customer_sk
and     cd_demo_sk              = c_current_cdemo_sk
and     hd_demo_sk              = c_current_hdemo_sk
and     ca_address_sk           = c_current_addr_sk
and     d_year                  = 2000 
and     d_moy                   = 12
and     ( (cd_marital_status       = 'M' and cd_education_status     = 'Unknown')
        or(cd_marital_status       = 'W' and cd_education_status     = 'Advanced Degree'))
and     hd_buy_potential like 'Unknown%'
and     ca_gmt_offset           = -6
group by cc_call_center_id,cc_name,cc_manager,cd_marital_status,cd_education_status
order by sum(cr_net_loss) desc;

-- end query 71 in stream 1 using template query91.tpl
","{'Node Type': 'Sort', 'Parallel Aware': False, 'Async Capable': False, 'Startup Cost': 101830.59, 'Total Cost': 101830.6, 'Plan Rows': 2, 'Plan Width': 99, 'Sort Key': ['(sum(catalog_returns.cr_net_loss)) DESC'], 'Plans': [{'Node Type': 'Aggregate', 'Strategy': 'Sorted', 'Partial Mode': 'Simple', 'Parent Relationship': 'Outer', 'Parallel Aware': False, 'Async Capable': False, 'Startup Cost': 101830.52, 'Total Cost': 101830.58, 'Plan Rows': 2, 'Plan Width': 99, 'Group Key': ['call_center.cc_call_center_id', 'call_center.cc_name', 'call_center.cc_manager', 'customer_demographics.cd_marital_status', 'customer_demographics.cd_education_status'], 'Plans': [{'Node Type': 'Sort', 'Parent Relationship': 'Outer', 'Parallel Aware': False, 'Async Capable': False, 'Startup Cost': 101830.52, 'Total Cost': 101830.53, 'Plan Rows': 2, 'Plan Width': 73, 'Sort Key': ['call_center.cc_call_center_id', 'call_center.cc_name', 'call_center.cc_manager', 'customer_demographics.cd_marital_status', 'customer_demographics.cd_education_status'], 'Plans': [{'Node Type': 'Gather', 'Parent Relationship': 'Outer', 'Parallel Aware': False, 'Async Capable': False, 'Startup Cost': 94918.61, 'Total Cost': 101830.51, 'Plan Rows': 2, 'Plan Width': 73, 'Workers Planned': 2, 'Single Copy': False, 'Plans': [{'Node Type': 'Nested Loop', 'Parent Relationship': 'Outer', 'Parallel Aware': False, 'Async Capable': False, 'Join Type': 'Inner', 'Startup Cost': 93918.61, 'Total Cost': 100830.31, 'Plan Rows': 1, 'Plan Width': 73, 'Inner Unique': False, 'Join Filter': '(catalog_returns.cr_call_center_sk = call_center.cc_call_center_sk)', 'Plans': [{'Node Type': 'Hash Join', 'Parent Relationship': 'Outer', 'Parallel Aware': True, 'Async Capable': False, 'Join Type': 'Inner', 'Startup Cost': 93918.61, 'Total Cost': 100827.77, 'Plan Rows': 1, 'Plan Width': 33, 'Inner Unique': False, 'Hash Cond': '(customer_address.ca_address_sk = customer.c_current_addr_sk)', 'Plans': [{'Node Type': 'Seq Scan', 'Parent Relationship': 'Outer', 'Parallel Aware': True, 'Async Capable': False, 'Relation Name': 'customer_address', 'Alias': 'customer_address', 'Startup Cost': 0.0, 'Total Cost': 6737.08, 'Plan Rows': 45885, 'Plan Width': 4, 'Filter': ""(ca_gmt_offset = '-6'::numeric)"", 'parent': 5, 'ID': 6}, {'Node Type': 'Hash', 'Parent Relationship': 'Inner', 'Parallel Aware': True, 'Async Capable': False, 'Startup Cost': 93918.59, 'Total Cost': 93918.59, 'Plan Rows': 2, 'Plan Width': 37, 'Plans': [{'Node Type': 'Hash Join', 'Parent Relationship': 'Outer', 'Parallel Aware': True, 'Async Capable': False, 'Join Type': 'Inner', 'Startup Cost': 55913.27, 'Total Cost': 93918.59, 'Plan Rows': 2, 'Plan Width': 37, 'Inner Unique': False, 'Hash Cond': '(customer_demographics.cd_demo_sk = customer.c_current_cdemo_sk)', 'Plans': [{'Node Type': 'Seq Scan', 'Parent Relationship': 'Outer', 'Parallel Aware': True, 'Async Capable': False, 'Relation Name': 'customer_demographics', 'Alias': 'customer_demographics', 'Startup Cost': 0.0, 'Total Cost': 37834.67, 'Plan Rows': 45505, 'Plan Width': 27, 'Filter': ""(((cd_marital_status = 'M'::bpchar) AND (cd_education_status = 'Unknown'::bpchar)) OR ((cd_marital_status = 'W'::bpchar) AND (cd_education_status = 'Advanced Degree'::bpchar)))"", 'parent': 8, 'ID': 9}, {'Node Type': 'Hash', 'Parent Relationship': 'Inner', 'Parallel Aware': True, 'Async Capable': False, 'Startup Cost': 55912.78, 'Total Cost': 55912.78, 'Plan Rows': 39, 'Plan Width': 18, 'Plans': [{'Node Type': 'Hash Join', 'Parent Relationship': 'Outer', 'Parallel Aware': False, 'Async Capable': False, 'Join Type': 'Inner', 'Startup Cost': 39210.89, 'Total Cost': 55912.78, 'Plan Rows': 39, 'Plan Width': 18, 'Inner Unique': False, 'Hash Cond': '(customer.c_current_hdemo_sk = household_demographics.hd_demo_sk)', 'Plans': [{'Node Type': 'Hash Join', 'Parent Relationship': 'Outer', 'Parallel Aware': True, 'Async Capable': False, 'Join Type': 'Inner', 'Startup Cost': 39052.89, 'Total Cost': 55753.48, 'Plan Rows': 242, 'Plan Width': 22, 'Inner Unique': False, 'Hash Cond': '(customer.c_customer_sk = catalog_returns.cr_returning_customer_sk)', 'Plans': [{'Node Type': 'Seq Scan', 'Parent Relationship': 'Outer', 'Parallel Aware': True, 'Async Capable': False, 'Relation Name': 'customer', 'Alias': 'customer', 'Startup Cost': 0.0, 'Total Cost': 15918.33, 'Plan Rows': 208333, 'Plan Width': 16, 'parent': 12, 'ID': 13}, {'Node Type': 'Hash', 'Parent Relationship': 'Inner', 'Parallel Aware': True, 'Async Capable': False, 'Startup Cost': 39049.82, 'Total Cost': 39049.82, 'Plan Rows': 246, 'Plan Width': 14, 'Plans': [{'Node Type': 'Hash Join', 'Parent Relationship': 'Outer', 'Parallel Aware': True, 'Async Capable': False, 'Join Type': 'Inner', 'Startup Cost': 2049.78, 'Total Cost': 39049.82, 'Plan Rows': 246, 'Plan Width': 14, 'Inner Unique': False, 'Hash Cond': '(catalog_returns.cr_returned_date_sk = date_dim.d_date_sk)', 'Plans': [{'Node Type': 'Seq Scan', 'Parent Relationship': 'Outer', 'Parallel Aware': True, 'Async Capable': False, 'Relation Name': 'catalog_returns', 'Alias': 'catalog_returns', 'Startup Cost': 0.0, 'Total Cost': 34748.95, 'Plan Rows': 599895, 'Plan Width': 18, 'parent': 15, 'ID': 16}, {'Node Type': 'Hash', 'Parent Relationship': 'Inner', 'Parallel Aware': True, 'Async Capable': False, 'Startup Cost': 2049.55, 'Total Cost': 2049.55, 'Plan Rows': 18, 'Plan Width': 4, 'Plans': [{'Node Type': 'Seq Scan', 'Parent Relationship': 'Outer', 'Parallel Aware': True, 'Async Capable': False, 'Relation Name': 'date_dim', 'Alias': 'date_dim', 'Startup Cost': 0.0, 'Total Cost': 2049.55, 'Plan Rows': 18, 'Plan Width': 4, 'Filter': '((d_year = 2000) AND (d_moy = 12))', 'parent': 17, 'ID': 18}], 'parent': 15, 'ID': 17, 'left': 18}], 'parent': 14, 'ID': 15, 'left': 16, 'right': 17}], 'parent': 12, 'ID': 14, 'left': 15}], 'parent': 11, 'ID': 12, 'left': 13, 'right': 14}, {'Node Type': 'Hash', 'Parent Relationship': 'Inner', 'Parallel Aware': False, 'Async Capable': False, 'Startup Cost': 143.0, 'Total Cost': 143.0, 'Plan Rows': 1200, 'Plan Width': 4, 'Plans': [{'Node Type': 'Seq Scan', 'Parent Relationship': 'Outer', 'Parallel Aware': False, 'Async Capable': False, 'Relation Name': 'household_demographics', 'Alias': 'household_demographics', 'Startup Cost': 0.0, 'Total Cost': 143.0, 'Plan Rows': 1200, 'Plan Width': 4, 'Filter': ""(hd_buy_potential ~~ 'Unknown%'::text)"", 'parent': 19, 'ID': 20}], 'parent': 11, 'ID': 19, 'left': 20}], 'parent': 10, 'ID': 11, 'left': 12, 'right': 19}], 'parent': 8, 'ID': 10, 'left': 11}], 'parent': 7, 'ID': 8, 'left': 9, 'right': 10}], 'parent': 5, 'ID': 7, 'left': 8}], 'parent': 4, 'ID': 5, 'left': 6, 'right': 7}, {'Node Type': 'Seq Scan', 'Parent Relationship': 'Inner', 'Parallel Aware': False, 'Async Capable': False, 'Relation Name': 'call_center', 'Alias': 'call_center', 'Startup Cost': 0.0, 'Total Cost': 2.24, 'Plan Rows': 24, 'Plan Width': 48, 'parent': 4, 'ID': 21}], 'parent': 3, 'ID': 4, 'left': 5, 'right': 21}], 'parent': 2, 'ID': 3, 'left': 4}], 'parent': 1, 'ID': 2, 'left': 3}], 'parent': 0, 'ID': 1, 'left': 2}], 'parent': None, 'ID': 0, 'left': 1}"
6,29,"select   
     i_item_id
    ,i_item_desc
    ,s_store_id
    ,s_store_name
    ,stddev_samp(ss_quantity)        as store_sales_quantity
    ,stddev_samp(sr_return_quantity) as store_returns_quantity
    ,stddev_samp(cs_quantity)        as catalog_sales_quantity
 from
    store_sales
   ,store_returns
   ,catalog_sales
   ,date_dim             d1
   ,date_dim             d2
   ,date_dim             d3
   ,store
   ,item
 where
     d1.d_moy               = 4 
 and d1.d_year              = 1999
 and d1.d_date_sk           = ss_sold_date_sk
 and i_item_sk              = ss_item_sk
 and s_store_sk             = ss_store_sk
 and ss_customer_sk         = sr_customer_sk
 and ss_item_sk             = sr_item_sk
 and ss_ticket_number       = sr_ticket_number
 and sr_returned_date_sk    = d2.d_date_sk
 and d2.d_moy               between 4 and  4 + 3 
 and d2.d_year              = 1999
 and sr_customer_sk         = cs_bill_customer_sk
 and sr_item_sk             = cs_item_sk
 and cs_sold_date_sk        = d3.d_date_sk     
 and d3.d_year              in (1999,1999+1,1999+2)
 group by
    i_item_id
   ,i_item_desc
   ,s_store_id
   ,s_store_name
 order by
    i_item_id 
   ,i_item_desc
   ,s_store_id
   ,s_store_name
 limit 100;

-- end query 19 in stream 0 using template query29.tpl
","{'Node Type': 'Limit', 'Parallel Aware': False, 'Async Capable': False, 'Startup Cost': 762542.58, 'Total Cost': 1221390.95, 'Plan Rows': 1, 'Plan Width': 236, 'Plans': [{'Node Type': 'Aggregate', 'Strategy': 'Sorted', 'Partial Mode': 'Simple', 'Parent Relationship': 'Outer', 'Parallel Aware': False, 'Async Capable': False, 'Startup Cost': 762542.58, 'Total Cost': 1221390.95, 'Plan Rows': 1, 'Plan Width': 236, 'Group Key': ['item.i_item_id', 'item.i_item_desc', 'store.s_store_id', 'store.s_store_name'], 'Plans': [{'Node Type': 'Nested Loop', 'Parent Relationship': 'Outer', 'Parallel Aware': False, 'Async Capable': False, 'Join Type': 'Inner', 'Startup Cost': 762542.58, 'Total Cost': 1221390.92, 'Plan Rows': 1, 'Plan Width': 152, 'Inner Unique': False, 'Join Filter': '((item.i_item_sk = store_returns.sr_item_sk) AND (store_sales.ss_customer_sk = store_returns.sr_customer_sk) AND (store_sales.ss_ticket_number = store_returns.sr_ticket_number))', 'Plans': [{'Node Type': 'Gather Merge', 'Parent Relationship': 'Outer', 'Parallel Aware': False, 'Async Capable': False, 'Startup Cost': 692960.09, 'Total Cost': 694214.78, 'Plan Rows': 10773, 'Plan Width': 160, 'Workers Planned': 2, 'Plans': [{'Node Type': 'Sort', 'Parent Relationship': 'Outer', 'Parallel Aware': False, 'Async Capable': False, 'Startup Cost': 691960.07, 'Total Cost': 691971.29, 'Plan Rows': 4489, 'Plan Width': 160, 'Sort Key': ['item.i_item_id', 'item.i_item_desc', 'store.s_store_id', 'store.s_store_name'], 'Plans': [{'Node Type': 'Hash Join', 'Parent Relationship': 'Outer', 'Parallel Aware': True, 'Async Capable': False, 'Join Type': 'Inner', 'Startup Cost': 684120.68, 'Total Cost': 691687.76, 'Plan Rows': 4489, 'Plan Width': 160, 'Inner Unique': False, 'Hash Cond': '(item.i_item_sk = store_sales.ss_item_sk)', 'Plans': [{'Node Type': 'Seq Scan', 'Parent Relationship': 'Outer', 'Parallel Aware': True, 'Async Capable': False, 'Relation Name': 'item', 'Alias': 'item', 'Startup Cost': 0.0, 'Total Cost': 7389.0, 'Plan Rows': 42500, 'Plan Width': 123, 'parent': 5, 'ID': 6}, {'Node Type': 'Hash', 'Parent Relationship': 'Inner', 'Parallel Aware': True, 'Async Capable': False, 'Startup Cost': 684064.57, 'Total Cost': 684064.57, 'Plan Rows': 4489, 'Plan Width': 37, 'Plans': [{'Node Type': 'Hash Join', 'Parent Relationship': 'Outer', 'Parallel Aware': False, 'Async Capable': False, 'Join Type': 'Inner', 'Startup Cost': 2057.07, 'Total Cost': 684064.57, 'Plan Rows': 4489, 'Plan Width': 37, 'Inner Unique': False, 'Hash Cond': '(store_sales.ss_store_sk = store.s_store_sk)', 'Plans': [{'Node Type': 'Hash Join', 'Parent Relationship': 'Outer', 'Parallel Aware': True, 'Async Capable': False, 'Join Type': 'Inner', 'Startup Cost': 2049.78, 'Total Cost': 683994.75, 'Plan Rows': 4703, 'Plan Width': 20, 'Inner Unique': False, 'Hash Cond': '(store_sales.ss_sold_date_sk = d1.d_date_sk)', 'Plans': [{'Node Type': 'Seq Scan', 'Parent Relationship': 'Outer', 'Parallel Aware': True, 'Async Capable': False, 'Relation Name': 'store_sales', 'Alias': 'store_sales', 'Startup Cost': 0.0, 'Total Cost': 636914.37, 'Plan Rows': 12000637, 'Plan Width': 24, 'parent': 9, 'ID': 10}, {'Node Type': 'Hash', 'Parent Relationship': 'Inner', 'Parallel Aware': True, 'Async Capable': False, 'Startup Cost': 2049.55, 'Total Cost': 2049.55, 'Plan Rows': 18, 'Plan Width': 4, 'Plans': [{'Node Type': 'Seq Scan', 'Parent Relationship': 'Outer', 'Parallel Aware': True, 'Async Capable': False, 'Relation Name': 'date_dim', 'Alias': 'd1', 'Startup Cost': 0.0, 'Total Cost': 2049.55, 'Plan Rows': 18, 'Plan Width': 4, 'Filter': '((d_moy = 4) AND (d_year = 1999))', 'parent': 11, 'ID': 12}], 'parent': 9, 'ID': 11, 'left': 12}], 'parent': 8, 'ID': 9, 'left': 10, 'right': 11}, {'Node Type': 'Hash', 'Parent Relationship': 'Inner', 'Parallel Aware': False, 'Async Capable': False, 'Startup Cost': 6.02, 'Total Cost': 6.02, 'Plan Rows': 102, 'Plan Width': 25, 'Plans': [{'Node Type': 'Seq Scan', 'Parent Relationship': 'Outer', 'Parallel Aware': False, 'Async Capable': False, 'Relation Name': 'store', 'Alias': 'store', 'Startup Cost': 0.0, 'Total Cost': 6.02, 'Plan Rows': 102, 'Plan Width': 25, 'parent': 13, 'ID': 14}], 'parent': 8, 'ID': 13, 'left': 14}], 'parent': 7, 'ID': 8, 'left': 9, 'right': 13}], 'parent': 5, 'ID': 7, 'left': 8}], 'parent': 4, 'ID': 5, 'left': 6, 'right': 7}], 'parent': 3, 'ID': 4, 'left': 5}], 'parent': 2, 'ID': 3, 'left': 4}, {'Node Type': 'Materialize', 'Parent Relationship': 'Inner', 'Parallel Aware': False, 'Async Capable': False, 'Startup Cost': 69582.49, 'Total Cost': 526960.68, 'Plan Rows': 1, 'Plan Width': 28, 'Plans': [{'Node Type': 'Gather', 'Parent Relationship': 'Outer', 'Parallel Aware': False, 'Async Capable': False, 'Startup Cost': 69582.49, 'Total Cost': 526960.67, 'Plan Rows': 1, 'Plan Width': 28, 'Workers Planned': 2, 'Single Copy': False, 'Plans': [{'Node Type': 'Hash Join', 'Parent Relationship': 'Outer', 'Parallel Aware': True, 'Async Capable': False, 'Join Type': 'Inner', 'Startup Cost': 68582.49, 'Total Cost': 525960.57, 'Plan Rows': 1, 'Plan Width': 28, 'Inner Unique': False, 'Hash Cond': '((catalog_sales.cs_item_sk = store_returns.sr_item_sk) AND (catalog_sales.cs_bill_customer_sk = store_returns.sr_customer_sk))', 'Plans': [{'Node Type': 'Hash Join', 'Parent Relationship': 'Outer', 'Parallel Aware': True, 'Async Capable': False, 'Join Type': 'Inner', 'Startup Cost': 2003.83, 'Total Cost': 458715.99, 'Plan Rows': 88788, 'Plan Width': 12, 'Inner Unique': False, 'Hash Cond': '(catalog_sales.cs_sold_date_sk = d3.d_date_sk)', 'Plans': [{'Node Type': 'Seq Scan', 'Parent Relationship': 'Outer', 'Parallel Aware': True, 'Async Capable': False, 'Relation Name': 'catalog_sales', 'Alias': 'catalog_sales', 'Startup Cost': 0.0, 'Total Cost': 433688.25, 'Plan Rows': 6000525, 'Plan Width': 16, 'parent': 18, 'ID': 19}, {'Node Type': 'Hash', 'Parent Relationship': 'Inner', 'Parallel Aware': True, 'Async Capable': False, 'Startup Cost': 1995.84, 'Total Cost': 1995.84, 'Plan Rows': 639, 'Plan Width': 4, 'Plans': [{'Node Type': 'Seq Scan', 'Parent Relationship': 'Outer', 'Parallel Aware': True, 'Async Capable': False, 'Relation Name': 'date_dim', 'Alias': 'd3', 'Startup Cost': 0.0, 'Total Cost': 1995.84, 'Plan Rows': 639, 'Plan Width': 4, 'Filter': ""(d_year = ANY ('{1999,2000,2001}'::integer[]))"", 'parent': 20, 'ID': 21}], 'parent': 18, 'ID': 20, 'left': 21}], 'parent': 17, 'ID': 18, 'left': 19, 'right': 20}, {'Node Type': 'Hash', 'Parent Relationship': 'Inner', 'Parallel Aware': True, 'Async Capable': False, 'Startup Cost': 66549.88, 'Total Cost': 66549.88, 'Plan Rows': 1919, 'Plan Width': 16, 'Plans': [{'Node Type': 'Hash Join', 'Parent Relationship': 'Outer', 'Parallel Aware': True, 'Async Capable': False, 'Join Type': 'Inner', 'Startup Cost': 2157.86, 'Total Cost': 66549.88, 'Plan Rows': 1919, 'Plan Width': 16, 'Inner Unique': False, 'Hash Cond': '(store_returns.sr_returned_date_sk = d2.d_date_sk)', 'Plans': [{'Node Type': 'Seq Scan', 'Parent Relationship': 'Outer', 'Parallel Aware': True, 'Async Capable': False, 'Relation Name': 'store_returns', 'Alias': 'store_returns', 'Startup Cost': 0.0, 'Total Cost': 59887.64, 'Plan Rows': 1198164, 'Plan Width': 20, 'parent': 23, 'ID': 24}, {'Node Type': 'Hash', 'Parent Relationship': 'Inner', 'Parallel Aware': True, 'Async Capable': False, 'Startup Cost': 2156.97, 'Total Cost': 2156.97, 'Plan Rows': 71, 'Plan Width': 4, 'Plans': [{'Node Type': 'Seq Scan', 'Parent Relationship': 'Outer', 'Parallel Aware': True, 'Async Capable': False, 'Relation Name': 'date_dim', 'Alias': 'd2', 'Startup Cost': 0.0, 'Total Cost': 2156.97, 'Plan Rows': 71, 'Plan Width': 4, 'Filter': '((d_moy >= 4) AND (d_moy <= 7) AND (d_year = 1999))', 'parent': 25, 'ID': 26}], 'parent': 23, 'ID': 25, 'left': 26}], 'parent': 22, 'ID': 23, 'left': 24, 'right': 25}], 'parent': 17, 'ID': 22, 'left': 23}], 'parent': 16, 'ID': 17, 'left': 18, 'right': 22}], 'parent': 15, 'ID': 16, 'left': 17}], 'parent': 2, 'ID': 15, 'left': 16}], 'parent': 1, 'ID': 2, 'left': 3, 'right': 15}], 'parent': 0, 'ID': 1, 'left': 2}], 'parent': None, 'ID': 0, 'left': 1}"
